-- phpMyAdmin SQL Dump
-- version 4.7.0
-- https://www.phpmyadmin.net/
--
-- Host: localhost
-- Generation Time: Mar 16, 2021 at 12:15 PM
-- Server version: 5.5.52-MariaDB
-- PHP Version: 5.6.30

SET SQL_MODE = "NO_AUTO_VALUE_ON_ZERO";
SET AUTOCOMMIT = 0;
START TRANSACTION;
SET time_zone = "+00:00";


/*!40101 SET @OLD_CHARACTER_SET_CLIENT=@@CHARACTER_SET_CLIENT */;
/*!40101 SET @OLD_CHARACTER_SET_RESULTS=@@CHARACTER_SET_RESULTS */;
/*!40101 SET @OLD_COLLATION_CONNECTION=@@COLLATION_CONNECTION */;
/*!40101 SET NAMES utf8mb4 */;

--
-- Database: `demo_daycare`
--

-- --------------------------------------------------------

--
-- Table structure for table `contact`
--

CREATE TABLE `contact` (
  `id` int(11) NOT NULL,
  `title` varchar(100) NOT NULL,
  `address` varchar(255) NOT NULL,
  `phone` varchar(100) NOT NULL,
  `email` varchar(100) NOT NULL,
  `display_home` tinyint(1) NOT NULL,
  `status` tinyint(1) NOT NULL DEFAULT '1'
) ENGINE=InnoDB DEFAULT CHARSET=latin1;

--
-- Dumping data for table `contact`
--

INSERT INTO `contact` (`id`, `title`, `address`, `phone`, `email`, `display_home`, `status`) VALUES
(5, 'Main Branch', '19-B/2-C & 2-D, Block-F, 5th Floor, Ring Road, Shamoli, Dhaka-1207', '+880-1817000000', 'info@demo.com', 1, 1);

-- --------------------------------------------------------

--
-- Table structure for table `daycare_owner`
--

CREATE TABLE `daycare_owner` (
  `id` smallint(6) NOT NULL,
  `owner_name` varchar(255) NOT NULL
) ENGINE=InnoDB DEFAULT CHARSET=utf8;

--
-- Dumping data for table `daycare_owner`
--

INSERT INTO `daycare_owner` (`id`, `owner_name`) VALUES
(1, 'মহিলা বিষয়ক অধিদপ্তরের আওতাধীন শিশু দিবাযত্ন কেন্দ্রসমূহ'),
(2, 'জাতীয় মহিলা সংস্থার আওতাধীন শিশু দিবাযত্ন কেন্দ্রসমূহ'),
(3, 'বাংলাদেশ শিশু একাডেমীর আওতাধীন শিশু দিবাযত্ন কেন্দ্রসমূহ');

-- --------------------------------------------------------

--
-- Table structure for table `day_cares`
--

CREATE TABLE `day_cares` (
  `id` int(11) NOT NULL,
  `title` varchar(500) COLLATE utf8_unicode_ci DEFAULT NULL,
  `area` varchar(255) COLLATE utf8_unicode_ci DEFAULT NULL,
  `description` text COLLATE utf8_unicode_ci,
  `address` varchar(255) COLLATE utf8_unicode_ci DEFAULT NULL,
  `officer_name` varchar(255) COLLATE utf8_unicode_ci DEFAULT NULL,
  `mobile_no` varchar(50) COLLATE utf8_unicode_ci DEFAULT NULL,
  `phone` varchar(50) COLLATE utf8_unicode_ci DEFAULT NULL,
  `email` varchar(150) COLLATE utf8_unicode_ci DEFAULT NULL,
  `latitude` varchar(20) COLLATE utf8_unicode_ci DEFAULT NULL,
  `longitude` varchar(20) COLLATE utf8_unicode_ci DEFAULT NULL,
  `database_name` varchar(45) COLLATE utf8_unicode_ci DEFAULT NULL
) ENGINE=MyISAM DEFAULT CHARSET=utf8 COLLATE=utf8_unicode_ci;

--
-- Dumping data for table `day_cares`
--

INSERT INTO `day_cares` (`id`, `title`, `area`, `description`, `address`, `officer_name`, `mobile_no`, `phone`, `email`, `latitude`, `longitude`, `database_name`) VALUES
(1, 'Dhanmondi  Day Care Center\r\n\r\n', 'West Dhanmondi, Dhanmondi, Dhaka\r\n', 'ধানমন্ডি ডে-কেয়ার সেন্টারের অন্যতম বৈশিষ্ট্য হল এখানে প্রতি মাসে অন্তত একবার শিশুদের একটি সাধারণ জন্মদিন উৎসব পালন করা হয়ে থাকে। এতে প্রতিটি শিশুই অনাবিল আনন্দে মেতে ওঠে।\r\nবর্তমানে সময়ে কর্মজীবী মায়েদের আস্থা অর্জনে সক্ষম অগনিত সুবিধা ও সেবা নিশ্চিতকারী ধানমন্ডি ডে-কেয়ার সেন্টারে শিশু ভর্তি ফি মাত্র ২৫০ টাকা এবং মাসিক বেতন মাত্র ৫০০ টাকা।\r\nডে-কেয়ার অফিসার আলেয়া সুলতানা পলির সুদক্ষ পরিচালনায় ধানমন্ডি ডে-কেয়ার সেন্টার কর্মজীবী মায়ের শিশুদের নিরন্তর সেবা প্রদান করে এদেশের অন্যতম রোল মডেল হবার প্রচেষ্টায় দৃঢ় প্রত্যয়ে এগিয়ে যাচ্ছে।', 'Flat no.-D1, Holding no.-59/A, Road no.- 12/A, Dhanmondi, Dhaka-1209', 'ডে কেয়ার অফিসারের নাম', '01733336633', '02-55000063', 'dhanmondi_dc@yahoo.com', '23.749793', '90.374470', 'demo_daycares_1'),
(2, 'মতিঝিল শিশু দিবাযত্ন কেন্দ্র', 'মতিঝিল, বাংলাদেশ ব্যাংক/সোনালী ব্যাংক প্রধান কার্যালয়ের আশপাশে, ঢাকা', 'বাঙালি জাতির পথপ্রদর্শক হাজার বছরের শ্রেষ্ঠ বাঙালি জাতির পিতা বঙ্গবন্ধু শেখ মুজিবুর রহমানের সুযোগ্যে কন্যা মাদার অফ হিউম্যানিটি খ্যাত বর্তমান প্রধানমন্ত্রী শেখ হাসিনা সমৃদ্ধ বাংলাদেশ গড়তে পুরুষের পাশাপাশি কর্মক্ষেত্রে নারীদের অংশগ্রহন সুনিশ্চিত করতে কর্মজীবী মায়েদের সুবিধার্থে বাংলাদেশে সরকারীভাবে ডে-কেয়ার সেন্টার তথা শিশু দিবাযত্ন কেন্দ্র চালু করার পদেক্ষেপ নিয়েছিলেন। একজন মা তার ছোট শিশুকে কোন নিরাপদ আশ্রয়ে রাখার নিশ্চয়তা পেলে তবেই সন্তানকে রেখে কাজের জন্য ঘরের বাইরে যেতে পারেন। তাই কর্মজীবী মায়েদের সন্তানকে দিবাকালীন সেবা প্রদানের লক্ষ্যে গনপ্রজাতন্ত্রী বাংলাদেশ সরকারের মহিলা ও শিশু বিষয়ক মন্ত্রণালয়ধীন মহিলা বিষয়ক অধিদপ্তর কর্তৃক শিশু দিবাযত্ন কেন্দ্র স্থাপন করা হয়েছে যাতে মহিলারা স্ব-স্ব কর্মস্থলে নিশ্চিন্তে কাজ করে নিজেদের তথা দেশের উন্নয়নে ভূমিকা রাখতে পারেন। কর্মজীবী মায়ের শিশুদের সেবা প্রদানে মহিলা\r\n\r\nবিষয়ক অধিদপ্তর কর্ত্ক পরিচালিত ‘’২০টি শিশু দিবাযত্ন কেন্দ্র স্থাপন প্রকল্প’’ অন্যতম। প্রকল্পটি সুষ্ঠভাবে পরিচালনা এবং সার্বিক তত্ত্বাবধায়নে দায়িত্বে আছেন একজন সুযোগ্য ও দক্ষ যুগ্নসচিব, জনাব আব্দুর রাশেদ খান।', 'মতিঝিল, বাংলাদেশ ব্যাংক/সোনালী ব্যাংক প্রধান কার্যালয়ের আশপাশে, ঢাকা', '', '01710000000', '01710000000', 'motijheel@gmail.com', '', '', 'demo_daycares_2'),
(3, 'রায়ের বাজার শিশু দিবাযত্ন কেন্দ্র', 'রায়ের বাজার, শিকদার মেডিকেল কলেজের উওর-পশ্চিম পাশে, ঢাকা', 'বাঙালি জাতির পথপ্রদর্শক হাজার বছরের শ্রেষ্ঠ বাঙালি জাতির পিতা বঙ্গবন্ধু শেখ মুজিবুর রহমানের সুযোগ্যে কন্যা মাদার অফ হিউম্যানিটি খ্যাত বর্তমান প্রধানমন্ত্রী শেখ হাসিনা সমৃদ্ধ বাংলাদেশ গড়তে পুরুষের পাশাপাশি কর্মক্ষেত্রে নারীদের অংশগ্রহন সুনিশ্চিত করতে কর্মজীবী মায়েদের সুবিধার্থে বাংলাদেশে সরকারীভাবে ডে-কেয়ার সেন্টার তথা শিশু দিবাযত্ন কেন্দ্র চালু করার পদেক্ষেপ নিয়েছিলেন। একজন মা তার ছোট শিশুকে কোন নিরাপদ আশ্রয়ে রাখার নিশ্চয়তা পেলে তবেই সন্তানকে রেখে কাজের জন্য ঘরের বাইরে যেতে পারেন। তাই কর্মজীবী মায়েদের সন্তানকে দিবাকালীন সেবা প্রদানের লক্ষ্যে গনপ্রজাতন্ত্রী বাংলাদেশ সরকারের মহিলা ও শিশু বিষয়ক মন্ত্রণালয়ধীন মহিলা বিষয়ক অধিদপ্তর কর্তৃক শিশু দিবাযত্ন কেন্দ্র স্থাপন করা হয়েছে যাতে মহিলারা স্ব-স্ব কর্মস্থলে নিশ্চিন্তে কাজ করে নিজেদের তথা দেশের উন্নয়নে ভূমিকা রাখতে পারেন। কর্মজীবী মায়ের শিশুদের সেবা প্রদানে মহিলা\r\n\r\nবিষয়ক অধিদপ্তর কর্ত্ক পরিচালিত ‘’২০টি শিশু দিবাযত্ন কেন্দ্র স্থাপন প্রকল্প’’ অন্যতম। প্রকল্পটি সুষ্ঠভাবে পরিচালনা এবং সার্বিক তত্ত্বাবধায়নে দায়িত্বে আছেন একজন সুযোগ্য ও দক্ষ যুগ্নসচিব, জনাব আব্দুর রাশেদ খান।', 'রায়ের বাজার, শিকদার মেডিকেল কলেজের উওর-পশ্চিম পাশে, ঢাকা', '', '01710000000', '01710000000', 'rayerbazar@gmail.com', '', '', 'demo_daycares_3'),
(4, 'কমলাপুর শিশু দিবাযত্ন কেন্দ্র', 'কমলাপুর, কমলাপুর স্টেশনের পশ্চিম পাশে, ঢাকা', 'বাঙালি জাতির পথপ্রদর্শক হাজার বছরের শ্রেষ্ঠ বাঙালি জাতির পিতা বঙ্গবন্ধু শেখ মুজিবুর রহমানের সুযোগ্যে কন্যা মাদার অফ হিউম্যানিটি খ্যাত বর্তমান প্রধানমন্ত্রী শেখ হাসিনা সমৃদ্ধ বাংলাদেশ গড়তে পুরুষের পাশাপাশি কর্মক্ষেত্রে নারীদের অংশগ্রহন সুনিশ্চিত করতে কর্মজীবী মায়েদের সুবিধার্থে বাংলাদেশে সরকারীভাবে ডে-কেয়ার সেন্টার তথা শিশু দিবাযত্ন কেন্দ্র চালু করার পদেক্ষেপ নিয়েছিলেন। একজন মা তার ছোট শিশুকে কোন নিরাপদ আশ্রয়ে রাখার নিশ্চয়তা পেলে তবেই সন্তানকে রেখে কাজের জন্য ঘরের বাইরে যেতে পারেন। তাই কর্মজীবী মায়েদের সন্তানকে দিবাকালীন সেবা প্রদানের লক্ষ্যে গনপ্রজাতন্ত্রী বাংলাদেশ সরকারের মহিলা ও শিশু বিষয়ক মন্ত্রণালয়ধীন মহিলা বিষয়ক অধিদপ্তর কর্তৃক শিশু দিবাযত্ন কেন্দ্র স্থাপন করা হয়েছে যাতে মহিলারা স্ব-স্ব কর্মস্থলে নিশ্চিন্তে কাজ করে নিজেদের তথা দেশের উন্নয়নে ভূমিকা রাখতে পারেন। কর্মজীবী মায়ের শিশুদের সেবা প্রদানে মহিলা\r\n\r\nবিষয়ক অধিদপ্তর কর্ত্ক পরিচালিত ‘’২০টি শিশু দিবাযত্ন কেন্দ্র স্থাপন প্রকল্প’’ অন্যতম। প্রকল্পটি সুষ্ঠভাবে পরিচালনা এবং সার্বিক তত্ত্বাবধায়নে দায়িত্বে আছেন একজন সুযোগ্য ও দক্ষ যুগ্নসচিব, জনাব আব্দুর রাশেদ খান।', 'কমলাপুর, কমলাপুর স্টেশনের পশ্চিম পাশে, ঢাকা', '', '01710000000', '01710000000', 'kamalapur@gmail.com', '', '', 'demo_daycares_4'),
(5, 'মুগদা শিশু দিবাযত্ন কেন্দ্র', 'মুগদা (বাসাবোর কাছাকাছি), ঢাকা', 'বাঙালি জাতির পথপ্রদর্শক হাজার বছরের শ্রেষ্ঠ বাঙালি জাতির পিতা বঙ্গবন্ধু শেখ মুজিবুর রহমানের সুযোগ্যে কন্যা মাদার অফ হিউম্যানিটি খ্যাত বর্তমান প্রধানমন্ত্রী শেখ হাসিনা সমৃদ্ধ বাংলাদেশ গড়তে পুরুষের পাশাপাশি কর্মক্ষেত্রে নারীদের অংশগ্রহন সুনিশ্চিত করতে কর্মজীবী মায়েদের সুবিধার্থে বাংলাদেশে সরকারীভাবে ডে-কেয়ার সেন্টার তথা শিশু দিবাযত্ন কেন্দ্র চালু করার পদেক্ষেপ নিয়েছিলেন। একজন মা তার ছোট শিশুকে কোন নিরাপদ আশ্রয়ে রাখার নিশ্চয়তা পেলে তবেই সন্তানকে রেখে কাজের জন্য ঘরের বাইরে যেতে পারেন। তাই কর্মজীবী মায়েদের সন্তানকে দিবাকালীন সেবা প্রদানের লক্ষ্যে গনপ্রজাতন্ত্রী বাংলাদেশ সরকারের মহিলা ও শিশু বিষয়ক মন্ত্রণালয়ধীন মহিলা বিষয়ক অধিদপ্তর কর্তৃক শিশু দিবাযত্ন কেন্দ্র স্থাপন করা হয়েছে যাতে মহিলারা স্ব-স্ব কর্মস্থলে নিশ্চিন্তে কাজ করে নিজেদের তথা দেশের উন্নয়নে ভূমিকা রাখতে পারেন। কর্মজীবী মায়ের শিশুদের সেবা প্রদানে মহিলা\r\n\r\nবিষয়ক অধিদপ্তর কর্ত্ক পরিচালিত ‘’২০টি শিশু দিবাযত্ন কেন্দ্র স্থাপন প্রকল্প’’ অন্যতম। প্রকল্পটি সুষ্ঠভাবে পরিচালনা এবং সার্বিক তত্ত্বাবধায়নে দায়িত্বে আছেন একজন সুযোগ্য ও দক্ষ যুগ্নসচিব, জনাব আব্দুর রাশেদ খান।', 'মুগদা (বাসাবোর কাছাকাছি), ঢাকা', '', '01710000000', '01710000000', 'moguda@gmail.com', '', '', 'demo_daycares_5'),
(6, 'পল্লবী শিশু দিবাযত্ন কেন্দ্র', 'বর্ধিত পল্লবী, পল্লবী, ঢাকা', 'বাঙালি জাতির পথপ্রদর্শক হাজার বছরের শ্রেষ্ঠ বাঙালি জাতির পিতা বঙ্গবন্ধু শেখ মুজিবুর রহমানের সুযোগ্যে কন্যা মাদার অফ হিউম্যানিটি খ্যাত বর্তমান প্রধানমন্ত্রী শেখ হাসিনা সমৃদ্ধ বাংলাদেশ গড়তে পুরুষের পাশাপাশি কর্মক্ষেত্রে নারীদের অংশগ্রহন সুনিশ্চিত করতে কর্মজীবী মায়েদের সুবিধার্থে বাংলাদেশে সরকারীভাবে ডে-কেয়ার সেন্টার তথা শিশু দিবাযত্ন কেন্দ্র চালু করার পদেক্ষেপ নিয়েছিলেন। একজন মা তার ছোট শিশুকে কোন নিরাপদ আশ্রয়ে রাখার নিশ্চয়তা পেলে তবেই সন্তানকে রেখে কাজের জন্য ঘরের বাইরে যেতে পারেন। তাই কর্মজীবী মায়েদের সন্তানকে দিবাকালীন সেবা প্রদানের লক্ষ্যে গনপ্রজাতন্ত্রী বাংলাদেশ সরকারের মহিলা ও শিশু বিষয়ক মন্ত্রণালয়ধীন মহিলা বিষয়ক অধিদপ্তর কর্তৃক শিশু দিবাযত্ন কেন্দ্র স্থাপন করা হয়েছে যাতে মহিলারা স্ব-স্ব কর্মস্থলে নিশ্চিন্তে কাজ করে নিজেদের তথা দেশের উন্নয়নে ভূমিকা রাখতে পারেন। কর্মজীবী মায়ের শিশুদের সেবা প্রদানে মহিলা\r\n\r\nবিষয়ক অধিদপ্তর কর্ত্ক পরিচালিত ‘’২০টি শিশু দিবাযত্ন কেন্দ্র স্থাপন প্রকল্প’’ অন্যতম। প্রকল্পটি সুষ্ঠভাবে পরিচালনা এবং সার্বিক তত্ত্বাবধায়নে দায়িত্বে আছেন একজন সুযোগ্য ও দক্ষ যুগ্নসচিব, জনাব আব্দুর রাশেদ খান।', 'বর্ধিত পল্লবী, পল্লবী, ঢাকা', '', '01710000000', '01710000000', 'pallabi@gmail.com', '', '', 'demo_daycares_6'),
(7, 'সায়েদাবাদ শিশু দিবাযত্ন কেন্দ্র', 'সায়েদাবাদ, সায়েদাবাদ বাসষ্টন্ডের পূর্ব পাশে, ঢাকা', 'বাঙালি জাতির পথপ্রদর্শক হাজার বছরের শ্রেষ্ঠ বাঙালি জাতির পিতা বঙ্গবন্ধু শেখ মুজিবুর রহমানের সুযোগ্যে কন্যা মাদার অফ হিউম্যানিটি খ্যাত বর্তমান প্রধানমন্ত্রী শেখ হাসিনা সমৃদ্ধ বাংলাদেশ গড়তে পুরুষের পাশাপাশি কর্মক্ষেত্রে নারীদের অংশগ্রহন সুনিশ্চিত করতে কর্মজীবী মায়েদের সুবিধার্থে বাংলাদেশে সরকারীভাবে ডে-কেয়ার সেন্টার তথা শিশু দিবাযত্ন কেন্দ্র চালু করার পদেক্ষেপ নিয়েছিলেন। একজন মা তার ছোট শিশুকে কোন নিরাপদ আশ্রয়ে রাখার নিশ্চয়তা পেলে তবেই সন্তানকে রেখে কাজের জন্য ঘরের বাইরে যেতে পারেন। তাই কর্মজীবী মায়েদের সন্তানকে দিবাকালীন সেবা প্রদানের লক্ষ্যে গনপ্রজাতন্ত্রী বাংলাদেশ সরকারের মহিলা ও শিশু বিষয়ক মন্ত্রণালয়ধীন মহিলা বিষয়ক অধিদপ্তর কর্তৃক শিশু দিবাযত্ন কেন্দ্র স্থাপন করা হয়েছে যাতে মহিলারা স্ব-স্ব কর্মস্থলে নিশ্চিন্তে কাজ করে নিজেদের তথা দেশের উন্নয়নে ভূমিকা রাখতে পারেন। কর্মজীবী মায়ের শিশুদের সেবা প্রদানে মহিলা\r\n\r\nবিষয়ক অধিদপ্তর কর্ত্ক পরিচালিত ‘’২০টি শিশু দিবাযত্ন কেন্দ্র স্থাপন প্রকল্প’’ অন্যতম। প্রকল্পটি সুষ্ঠভাবে পরিচালনা এবং সার্বিক তত্ত্বাবধায়নে দায়িত্বে আছেন একজন সুযোগ্য ও দক্ষ যুগ্নসচিব, জনাব আব্দুর রাশেদ খান।', 'সায়েদাবাদ, সায়েদাবাদ বাসষ্টন্ডের পূর্ব পাশে, ঢাকা', '', '01710000000', '01710000000', 'sayedabad@gmail.com', '', '', 'demo_daycares_7'),
(8, 'মহাখালী শিশু দিবাযত্ন কেন্দ্র', 'মহাখালী, আইসিডিডিআরবি হাসপাতালের আশে পাশে, ঢাকা', 'বাঙালি জাতির পথপ্রদর্শক হাজার বছরের শ্রেষ্ঠ বাঙালি জাতির পিতা বঙ্গবন্ধু শেখ মুজিবুর রহমানের সুযোগ্যে কন্যা মাদার অফ হিউম্যানিটি খ্যাত বর্তমান প্রধানমন্ত্রী শেখ হাসিনা সমৃদ্ধ বাংলাদেশ গড়তে পুরুষের পাশাপাশি কর্মক্ষেত্রে নারীদের অংশগ্রহন সুনিশ্চিত করতে কর্মজীবী মায়েদের সুবিধার্থে বাংলাদেশে সরকারীভাবে ডে-কেয়ার সেন্টার তথা শিশু দিবাযত্ন কেন্দ্র চালু করার পদেক্ষেপ নিয়েছিলেন। একজন মা তার ছোট শিশুকে কোন নিরাপদ আশ্রয়ে রাখার নিশ্চয়তা পেলে তবেই সন্তানকে রেখে কাজের জন্য ঘরের বাইরে যেতে পারেন। তাই কর্মজীবী মায়েদের সন্তানকে দিবাকালীন সেবা প্রদানের লক্ষ্যে গনপ্রজাতন্ত্রী বাংলাদেশ সরকারের মহিলা ও শিশু বিষয়ক মন্ত্রণালয়ধীন মহিলা বিষয়ক অধিদপ্তর কর্তৃক শিশু দিবাযত্ন কেন্দ্র স্থাপন করা হয়েছে যাতে মহিলারা স্ব-স্ব কর্মস্থলে নিশ্চিন্তে কাজ করে নিজেদের তথা দেশের উন্নয়নে ভূমিকা রাখতে পারেন। কর্মজীবী মায়ের শিশুদের সেবা প্রদানে মহিলা\r\n\r\nবিষয়ক অধিদপ্তর কর্ত্ক পরিচালিত ‘’২০টি শিশু দিবাযত্ন কেন্দ্র স্থাপন প্রকল্প’’ অন্যতম। প্রকল্পটি সুষ্ঠভাবে পরিচালনা এবং সার্বিক তত্ত্বাবধায়নে দায়িত্বে আছেন একজন সুযোগ্য ও দক্ষ যুগ্নসচিব, জনাব আব্দুর রাশেদ খান।', NULL, NULL, NULL, NULL, NULL, NULL, NULL, 'demo_daycares_8'),
(9, 'আশুলিয়া শিশু দিবাযত্ন কেন্দ্র', 'পলাশবাড়ী আশুলিয়া, ঢাকা', 'বাঙালি জাতির পথপ্রদর্শক হাজার বছরের শ্রেষ্ঠ বাঙালি জাতির পিতা বঙ্গবন্ধু শেখ মুজিবুর রহমানের সুযোগ্যে কন্যা মাদার অফ হিউম্যানিটি খ্যাত বর্তমান প্রধানমন্ত্রী শেখ হাসিনা সমৃদ্ধ বাংলাদেশ গড়তে পুরুষের পাশাপাশি কর্মক্ষেত্রে নারীদের অংশগ্রহন সুনিশ্চিত করতে কর্মজীবী মায়েদের সুবিধার্থে বাংলাদেশে সরকারীভাবে ডে-কেয়ার সেন্টার তথা শিশু দিবাযত্ন কেন্দ্র চালু করার পদেক্ষেপ নিয়েছিলেন। একজন মা তার ছোট শিশুকে কোন নিরাপদ আশ্রয়ে রাখার নিশ্চয়তা পেলে তবেই সন্তানকে রেখে কাজের জন্য ঘরের বাইরে যেতে পারেন। তাই কর্মজীবী মায়েদের সন্তানকে দিবাকালীন সেবা প্রদানের লক্ষ্যে গনপ্রজাতন্ত্রী বাংলাদেশ সরকারের মহিলা ও শিশু বিষয়ক মন্ত্রণালয়ধীন মহিলা বিষয়ক অধিদপ্তর কর্তৃক শিশু দিবাযত্ন কেন্দ্র স্থাপন করা হয়েছে যাতে মহিলারা স্ব-স্ব কর্মস্থলে নিশ্চিন্তে কাজ করে নিজেদের তথা দেশের উন্নয়নে ভূমিকা রাখতে পারেন। কর্মজীবী মায়ের শিশুদের সেবা প্রদানে মহিলা\r\n\r\nবিষয়ক অধিদপ্তর কর্ত্ক পরিচালিত ‘’২০টি শিশু দিবাযত্ন কেন্দ্র স্থাপন প্রকল্প’’ অন্যতম। প্রকল্পটি সুষ্ঠভাবে পরিচালনা এবং সার্বিক তত্ত্বাবধায়নে দায়িত্বে আছেন একজন সুযোগ্য ও দক্ষ যুগ্নসচিব, জনাব আব্দুর রাশেদ খান।', NULL, NULL, NULL, NULL, NULL, NULL, NULL, 'demo_daycares_9'),
(10, 'রংপুর শিশু দিবাযত্ন কেন্দ্র', 'কেরানীপাড়া (ডিসির মোড়), জেলা মহিলা বিষয়ক কর্মকর্তার আশেপাশে, রংপুর', 'বাঙালি জাতির পথপ্রদর্শক হাজার বছরের শ্রেষ্ঠ বাঙালি জাতির পিতা বঙ্গবন্ধু শেখ মুজিবুর রহমানের সুযোগ্যে কন্যা মাদার অফ হিউম্যানিটি খ্যাত বর্তমান প্রধানমন্ত্রী শেখ হাসিনা সমৃদ্ধ বাংলাদেশ গড়তে পুরুষের পাশাপাশি কর্মক্ষেত্রে নারীদের অংশগ্রহন সুনিশ্চিত করতে কর্মজীবী মায়েদের সুবিধার্থে বাংলাদেশে সরকারীভাবে ডে-কেয়ার সেন্টার তথা শিশু দিবাযত্ন কেন্দ্র চালু করার পদেক্ষেপ নিয়েছিলেন। একজন মা তার ছোট শিশুকে কোন নিরাপদ আশ্রয়ে রাখার নিশ্চয়তা পেলে তবেই সন্তানকে রেখে কাজের জন্য ঘরের বাইরে যেতে পারেন। তাই কর্মজীবী মায়েদের সন্তানকে দিবাকালীন সেবা প্রদানের লক্ষ্যে গনপ্রজাতন্ত্রী বাংলাদেশ সরকারের মহিলা ও শিশু বিষয়ক মন্ত্রণালয়ধীন মহিলা বিষয়ক অধিদপ্তর কর্তৃক শিশু দিবাযত্ন কেন্দ্র স্থাপন করা হয়েছে যাতে মহিলারা স্ব-স্ব কর্মস্থলে নিশ্চিন্তে কাজ করে নিজেদের তথা দেশের উন্নয়নে ভূমিকা রাখতে পারেন। কর্মজীবী মায়ের শিশুদের সেবা প্রদানে মহিলা\r\n\r\nবিষয়ক অধিদপ্তর কর্ত্ক পরিচালিত ‘’২০টি শিশু দিবাযত্ন কেন্দ্র স্থাপন প্রকল্প’’ অন্যতম। প্রকল্পটি সুষ্ঠভাবে পরিচালনা এবং সার্বিক তত্ত্বাবধায়নে দায়িত্বে আছেন একজন সুযোগ্য ও দক্ষ যুগ্নসচিব, জনাব আব্দুর রাশেদ খান।', NULL, NULL, NULL, NULL, NULL, NULL, NULL, 'demo_daycares_10'),
(11, 'গোপালগঞ্জ শিশু দিবাযত্ন কেন্দ্র', 'শিশুবন, পাঁচরিয়া, গোপালগঞ্জ', 'বাঙালি জাতির পথপ্রদর্শক হাজার বছরের শ্রেষ্ঠ বাঙালি জাতির পিতা বঙ্গবন্ধু শেখ মুজিবুর রহমানের সুযোগ্যে কন্যা মাদার অফ হিউম্যানিটি খ্যাত বর্তমান প্রধানমন্ত্রী শেখ হাসিনা সমৃদ্ধ বাংলাদেশ গড়তে পুরুষের পাশাপাশি কর্মক্ষেত্রে নারীদের অংশগ্রহন সুনিশ্চিত করতে কর্মজীবী মায়েদের সুবিধার্থে বাংলাদেশে সরকারীভাবে ডে-কেয়ার সেন্টার তথা শিশু দিবাযত্ন কেন্দ্র চালু করার পদেক্ষেপ নিয়েছিলেন। একজন মা তার ছোট শিশুকে কোন নিরাপদ আশ্রয়ে রাখার নিশ্চয়তা পেলে তবেই সন্তানকে রেখে কাজের জন্য ঘরের বাইরে যেতে পারেন। তাই কর্মজীবী মায়েদের সন্তানকে দিবাকালীন সেবা প্রদানের লক্ষ্যে গনপ্রজাতন্ত্রী বাংলাদেশ সরকারের মহিলা ও শিশু বিষয়ক মন্ত্রণালয়ধীন মহিলা বিষয়ক অধিদপ্তর কর্তৃক শিশু দিবাযত্ন কেন্দ্র স্থাপন করা হয়েছে যাতে মহিলারা স্ব-স্ব কর্মস্থলে নিশ্চিন্তে কাজ করে নিজেদের তথা দেশের উন্নয়নে ভূমিকা রাখতে পারেন। কর্মজীবী মায়ের শিশুদের সেবা প্রদানে মহিলা\r\n\r\nবিষয়ক অধিদপ্তর কর্ত্ক পরিচালিত ‘’২০টি শিশু দিবাযত্ন কেন্দ্র স্থাপন প্রকল্প’’ অন্যতম। প্রকল্পটি সুষ্ঠভাবে পরিচালনা এবং সার্বিক তত্ত্বাবধায়নে দায়িত্বে আছেন একজন সুযোগ্য ও দক্ষ যুগ্নসচিব, জনাব আব্দুর রাশেদ খান।', NULL, NULL, NULL, NULL, NULL, NULL, NULL, 'demo_daycares_11'),
(12, 'গাজীপুর শিশু দিবাযত্ন কেন্দ্র', 'পশ্চিম জয়দেবপুর, ডিআইটি রোড (জেলা কার্যালয় সংলগ্ন), গাজীপুর', 'বাঙালি জাতির পথপ্রদর্শক হাজার বছরের শ্রেষ্ঠ বাঙালি জাতির পিতা বঙ্গবন্ধু শেখ মুজিবুর রহমানের সুযোগ্যে কন্যা মাদার অফ হিউম্যানিটি খ্যাত বর্তমান প্রধানমন্ত্রী শেখ হাসিনা সমৃদ্ধ বাংলাদেশ গড়তে পুরুষের পাশাপাশি কর্মক্ষেত্রে নারীদের অংশগ্রহন সুনিশ্চিত করতে কর্মজীবী মায়েদের সুবিধার্থে বাংলাদেশে সরকারীভাবে ডে-কেয়ার সেন্টার তথা শিশু দিবাযত্ন কেন্দ্র চালু করার পদেক্ষেপ নিয়েছিলেন। একজন মা তার ছোট শিশুকে কোন নিরাপদ আশ্রয়ে রাখার নিশ্চয়তা পেলে তবেই সন্তানকে রেখে কাজের জন্য ঘরের বাইরে যেতে পারেন। তাই কর্মজীবী মায়েদের সন্তানকে দিবাকালীন সেবা প্রদানের লক্ষ্যে গনপ্রজাতন্ত্রী বাংলাদেশ সরকারের মহিলা ও শিশু বিষয়ক মন্ত্রণালয়ধীন মহিলা বিষয়ক অধিদপ্তর কর্তৃক শিশু দিবাযত্ন কেন্দ্র স্থাপন করা হয়েছে যাতে মহিলারা স্ব-স্ব কর্মস্থলে নিশ্চিন্তে কাজ করে নিজেদের তথা দেশের উন্নয়নে ভূমিকা রাখতে পারেন। কর্মজীবী মায়ের শিশুদের সেবা প্রদানে মহিলা\r\n\r\nবিষয়ক অধিদপ্তর কর্ত্ক পরিচালিত ‘’২০টি শিশু দিবাযত্ন কেন্দ্র স্থাপন প্রকল্প’’ অন্যতম। প্রকল্পটি সুষ্ঠভাবে পরিচালনা এবং সার্বিক তত্ত্বাবধায়নে দায়িত্বে আছেন একজন সুযোগ্য ও দক্ষ যুগ্নসচিব, জনাব আব্দুর রাশেদ খান।', NULL, NULL, NULL, NULL, NULL, NULL, NULL, 'demo_daycares_12'),
(13, 'কক্সবাজার শিশু দিবাযত্ন কেন্দ্র', 'টেশপাড়া, কালুর দোকান, পাহাড়তলী রোড (জেলা অফিস সংলগ্ন), কক্সবাজার', 'বাঙালি জাতির পথপ্রদর্শক হাজার বছরের শ্রেষ্ঠ বাঙালি জাতির পিতা বঙ্গবন্ধু শেখ মুজিবুর রহমানের সুযোগ্যে কন্যা মাদার অফ হিউম্যানিটি খ্যাত বর্তমান প্রধানমন্ত্রী শেখ হাসিনা সমৃদ্ধ বাংলাদেশ গড়তে পুরুষের পাশাপাশি কর্মক্ষেত্রে নারীদের অংশগ্রহন সুনিশ্চিত করতে কর্মজীবী মায়েদের সুবিধার্থে বাংলাদেশে সরকারীভাবে ডে-কেয়ার সেন্টার তথা শিশু দিবাযত্ন কেন্দ্র চালু করার পদেক্ষেপ নিয়েছিলেন। একজন মা তার ছোট শিশুকে কোন নিরাপদ আশ্রয়ে রাখার নিশ্চয়তা পেলে তবেই সন্তানকে রেখে কাজের জন্য ঘরের বাইরে যেতে পারেন। তাই কর্মজীবী মায়েদের সন্তানকে দিবাকালীন সেবা প্রদানের লক্ষ্যে গনপ্রজাতন্ত্রী বাংলাদেশ সরকারের মহিলা ও শিশু বিষয়ক মন্ত্রণালয়ধীন মহিলা বিষয়ক অধিদপ্তর কর্তৃক শিশু দিবাযত্ন কেন্দ্র স্থাপন করা হয়েছে যাতে মহিলারা স্ব-স্ব কর্মস্থলে নিশ্চিন্তে কাজ করে নিজেদের তথা দেশের উন্নয়নে ভূমিকা রাখতে পারেন। কর্মজীবী মায়ের শিশুদের সেবা প্রদানে মহিলা\r\n\r\nবিষয়ক অধিদপ্তর কর্ত্ক পরিচালিত ‘’২০টি শিশু দিবাযত্ন কেন্দ্র স্থাপন প্রকল্প’’ অন্যতম। প্রকল্পটি সুষ্ঠভাবে পরিচালনা এবং সার্বিক তত্ত্বাবধায়নে দায়িত্বে আছেন একজন সুযোগ্য ও দক্ষ যুগ্নসচিব, জনাব আব্দুর রাশেদ খান।', NULL, NULL, NULL, NULL, NULL, NULL, NULL, 'demo_daycares_13'),
(14, 'নওগাঁ শিশু দিবাযত্ন কেন্দ্র', 'মুর্তির মোড়, নওগাঁ', 'বাঙালি জাতির পথপ্রদর্শক হাজার বছরের শ্রেষ্ঠ বাঙালি জাতির পিতা বঙ্গবন্ধু শেখ মুজিবুর রহমানের সুযোগ্যে কন্যা মাদার অফ হিউম্যানিটি খ্যাত বর্তমান প্রধানমন্ত্রী শেখ হাসিনা সমৃদ্ধ বাংলাদেশ গড়তে পুরুষের পাশাপাশি কর্মক্ষেত্রে নারীদের অংশগ্রহন সুনিশ্চিত করতে কর্মজীবী মায়েদের সুবিধার্থে বাংলাদেশে সরকারীভাবে ডে-কেয়ার সেন্টার তথা শিশু দিবাযত্ন কেন্দ্র চালু করার পদেক্ষেপ নিয়েছিলেন। একজন মা তার ছোট শিশুকে কোন নিরাপদ আশ্রয়ে রাখার নিশ্চয়তা পেলে তবেই সন্তানকে রেখে কাজের জন্য ঘরের বাইরে যেতে পারেন। তাই কর্মজীবী মায়েদের সন্তানকে দিবাকালীন সেবা প্রদানের লক্ষ্যে গনপ্রজাতন্ত্রী বাংলাদেশ সরকারের মহিলা ও শিশু বিষয়ক মন্ত্রণালয়ধীন মহিলা বিষয়ক অধিদপ্তর কর্তৃক শিশু দিবাযত্ন কেন্দ্র স্থাপন করা হয়েছে যাতে মহিলারা স্ব-স্ব কর্মস্থলে নিশ্চিন্তে কাজ করে নিজেদের তথা দেশের উন্নয়নে ভূমিকা রাখতে পারেন। কর্মজীবী মায়ের শিশুদের সেবা প্রদানে মহিলা\r\n\r\nবিষয়ক অধিদপ্তর কর্ত্ক পরিচালিত ‘’২০টি শিশু দিবাযত্ন কেন্দ্র স্থাপন প্রকল্প’’ অন্যতম। প্রকল্পটি সুষ্ঠভাবে পরিচালনা এবং সার্বিক তত্ত্বাবধায়নে দায়িত্বে আছেন একজন সুযোগ্য ও দক্ষ যুগ্নসচিব, জনাব আব্দুর রাশেদ খান।', NULL, NULL, NULL, NULL, NULL, NULL, NULL, 'demo_daycares_14'),
(15, 'গাইবান্ধা শিশু দিবাযত্ন কেন্দ্র', 'দক্ষিণ ধানছড়া, গাইবান্ধা', 'বাঙালি জাতির পথপ্রদর্শক হাজার বছরের শ্রেষ্ঠ বাঙালি জাতির পিতা বঙ্গবন্ধু শেখ মুজিবুর রহমানের সুযোগ্যে কন্যা মাদার অফ হিউম্যানিটি খ্যাত বর্তমান প্রধানমন্ত্রী শেখ হাসিনা সমৃদ্ধ বাংলাদেশ গড়তে পুরুষের পাশাপাশি কর্মক্ষেত্রে নারীদের অংশগ্রহন সুনিশ্চিত করতে কর্মজীবী মায়েদের সুবিধার্থে বাংলাদেশে সরকারীভাবে ডে-কেয়ার সেন্টার তথা শিশু দিবাযত্ন কেন্দ্র চালু করার পদেক্ষেপ নিয়েছিলেন। একজন মা তার ছোট শিশুকে কোন নিরাপদ আশ্রয়ে রাখার নিশ্চয়তা পেলে তবেই সন্তানকে রেখে কাজের জন্য ঘরের বাইরে যেতে পারেন। তাই কর্মজীবী মায়েদের সন্তানকে দিবাকালীন সেবা প্রদানের লক্ষ্যে গনপ্রজাতন্ত্রী বাংলাদেশ সরকারের মহিলা ও শিশু বিষয়ক মন্ত্রণালয়ধীন মহিলা বিষয়ক অধিদপ্তর কর্তৃক শিশু দিবাযত্ন কেন্দ্র স্থাপন করা হয়েছে যাতে মহিলারা স্ব-স্ব কর্মস্থলে নিশ্চিন্তে কাজ করে নিজেদের তথা দেশের উন্নয়নে ভূমিকা রাখতে পারেন। কর্মজীবী মায়ের শিশুদের সেবা প্রদানে মহিলা\r\n\r\nবিষয়ক অধিদপ্তর কর্ত্ক পরিচালিত ‘’২০টি শিশু দিবাযত্ন কেন্দ্র স্থাপন প্রকল্প’’ অন্যতম। প্রকল্পটি সুষ্ঠভাবে পরিচালনা এবং সার্বিক তত্ত্বাবধায়নে দায়িত্বে আছেন একজন সুযোগ্য ও দক্ষ যুগ্নসচিব, জনাব আব্দুর রাশেদ খান।', NULL, NULL, NULL, NULL, NULL, NULL, NULL, 'demo_daycares_15'),
(16, 'ভোলা শিশু দিবাযত্ন কেন্দ্র', 'কালিখোলা, ভোলা', 'বাঙালি জাতির পথপ্রদর্শক হাজার বছরের শ্রেষ্ঠ বাঙালি জাতির পিতা বঙ্গবন্ধু শেখ মুজিবুর রহমানের সুযোগ্যে কন্যা মাদার অফ হিউম্যানিটি খ্যাত বর্তমান প্রধানমন্ত্রী শেখ হাসিনা সমৃদ্ধ বাংলাদেশ গড়তে পুরুষের পাশাপাশি কর্মক্ষেত্রে নারীদের অংশগ্রহন সুনিশ্চিত করতে কর্মজীবী মায়েদের সুবিধার্থে বাংলাদেশে সরকারীভাবে ডে-কেয়ার সেন্টার তথা শিশু দিবাযত্ন কেন্দ্র চালু করার পদেক্ষেপ নিয়েছিলেন। একজন মা তার ছোট শিশুকে কোন নিরাপদ আশ্রয়ে রাখার নিশ্চয়তা পেলে তবেই সন্তানকে রেখে কাজের জন্য ঘরের বাইরে যেতে পারেন। তাই কর্মজীবী মায়েদের সন্তানকে দিবাকালীন সেবা প্রদানের লক্ষ্যে গনপ্রজাতন্ত্রী বাংলাদেশ সরকারের মহিলা ও শিশু বিষয়ক মন্ত্রণালয়ধীন মহিলা বিষয়ক অধিদপ্তর কর্তৃক শিশু দিবাযত্ন কেন্দ্র স্থাপন করা হয়েছে যাতে মহিলারা স্ব-স্ব কর্মস্থলে নিশ্চিন্তে কাজ করে নিজেদের তথা দেশের উন্নয়নে ভূমিকা রাখতে পারেন। কর্মজীবী মায়ের শিশুদের সেবা প্রদানে মহিলা\r\n\r\nবিষয়ক অধিদপ্তর কর্ত্ক পরিচালিত ‘’২০টি শিশু দিবাযত্ন কেন্দ্র স্থাপন প্রকল্প’’ অন্যতম। প্রকল্পটি সুষ্ঠভাবে পরিচালনা এবং সার্বিক তত্ত্বাবধায়নে দায়িত্বে আছেন একজন সুযোগ্য ও দক্ষ যুগ্নসচিব, জনাব আব্দুর রাশেদ খান।', NULL, NULL, NULL, NULL, NULL, NULL, NULL, 'demo_daycares_16'),
(17, 'টাঙ্গাইল শিশু দিবাযত্ন কেন্দ্র', 'রেজিষ্ট্রিপাড়া/আকুর টাকুর পাড়া, টাঙ্গাইল ', 'বাঙালি জাতির পথপ্রদর্শক হাজার বছরের শ্রেষ্ঠ বাঙালি জাতির পিতা বঙ্গবন্ধু শেখ মুজিবুর রহমানের সুযোগ্যে কন্যা মাদার অফ হিউম্যানিটি খ্যাত বর্তমান প্রধানমন্ত্রী শেখ হাসিনা সমৃদ্ধ বাংলাদেশ গড়তে পুরুষের পাশাপাশি কর্মক্ষেত্রে নারীদের অংশগ্রহন সুনিশ্চিত করতে কর্মজীবী মায়েদের সুবিধার্থে বাংলাদেশে সরকারীভাবে ডে-কেয়ার সেন্টার তথা শিশু দিবাযত্ন কেন্দ্র চালু করার পদেক্ষেপ নিয়েছিলেন। একজন মা তার ছোট শিশুকে কোন নিরাপদ আশ্রয়ে রাখার নিশ্চয়তা পেলে তবেই সন্তানকে রেখে কাজের জন্য ঘরের বাইরে যেতে পারেন। তাই কর্মজীবী মায়েদের সন্তানকে দিবাকালীন সেবা প্রদানের লক্ষ্যে গনপ্রজাতন্ত্রী বাংলাদেশ সরকারের মহিলা ও শিশু বিষয়ক মন্ত্রণালয়ধীন মহিলা বিষয়ক অধিদপ্তর কর্তৃক শিশু দিবাযত্ন কেন্দ্র স্থাপন করা হয়েছে যাতে মহিলারা স্ব-স্ব কর্মস্থলে নিশ্চিন্তে কাজ করে নিজেদের তথা দেশের উন্নয়নে ভূমিকা রাখতে পারেন। কর্মজীবী মায়ের শিশুদের সেবা প্রদানে মহিলা\r\n\r\nবিষয়ক অধিদপ্তর কর্ত্ক পরিচালিত ‘’২০টি শিশু দিবাযত্ন কেন্দ্র স্থাপন প্রকল্প’’ অন্যতম। প্রকল্পটি সুষ্ঠভাবে পরিচালনা এবং সার্বিক তত্ত্বাবধায়নে দায়িত্বে আছেন একজন সুযোগ্য ও দক্ষ যুগ্নসচিব, জনাব আব্দুর রাশেদ খান।', NULL, NULL, NULL, NULL, NULL, NULL, NULL, 'demo_daycares_17'),
(18, 'নোয়াখালী শিশু দিবাযত্ন কেন্দ্র', 'ফকিরপুর, মাইজদিকোর্ট, নোয়াখালী', 'বাঙালি জাতির পথপ্রদর্শক হাজার বছরের শ্রেষ্ঠ বাঙালি জাতির পিতা বঙ্গবন্ধু শেখ মুজিবুর রহমানের সুযোগ্যে কন্যা মাদার অফ হিউম্যানিটি খ্যাত বর্তমান প্রধানমন্ত্রী শেখ হাসিনা সমৃদ্ধ বাংলাদেশ গড়তে পুরুষের পাশাপাশি কর্মক্ষেত্রে নারীদের অংশগ্রহন সুনিশ্চিত করতে কর্মজীবী মায়েদের সুবিধার্থে বাংলাদেশে সরকারীভাবে ডে-কেয়ার সেন্টার তথা শিশু দিবাযত্ন কেন্দ্র চালু করার পদেক্ষেপ নিয়েছিলেন। একজন মা তার ছোট শিশুকে কোন নিরাপদ আশ্রয়ে রাখার নিশ্চয়তা পেলে তবেই সন্তানকে রেখে কাজের জন্য ঘরের বাইরে যেতে পারেন। তাই কর্মজীবী মায়েদের সন্তানকে দিবাকালীন সেবা প্রদানের লক্ষ্যে গনপ্রজাতন্ত্রী বাংলাদেশ সরকারের মহিলা ও শিশু বিষয়ক মন্ত্রণালয়ধীন মহিলা বিষয়ক অধিদপ্তর কর্তৃক শিশু দিবাযত্ন কেন্দ্র স্থাপন করা হয়েছে যাতে মহিলারা স্ব-স্ব কর্মস্থলে নিশ্চিন্তে কাজ করে নিজেদের তথা দেশের উন্নয়নে ভূমিকা রাখতে পারেন। কর্মজীবী মায়ের শিশুদের সেবা প্রদানে মহিলা\r\n\r\nবিষয়ক অধিদপ্তর কর্ত্ক পরিচালিত ‘’২০টি শিশু দিবাযত্ন কেন্দ্র স্থাপন প্রকল্প’’ অন্যতম। প্রকল্পটি সুষ্ঠভাবে পরিচালনা এবং সার্বিক তত্ত্বাবধায়নে দায়িত্বে আছেন একজন সুযোগ্য ও দক্ষ যুগ্নসচিব, জনাব আব্দুর রাশেদ খান।', NULL, NULL, NULL, NULL, NULL, NULL, NULL, 'demo_daycares_18'),
(19, 'চাঁদপুর শিশু দিবাযত্ন কেন্দ্র', 'চাঁদপুর জেলা শহর (জেলা প্রশাসক কার্যালয়ের আশেপাশে), চাঁদপুর', 'বাঙালি জাতির পথপ্রদর্শক হাজার বছরের শ্রেষ্ঠ বাঙালি জাতির পিতা বঙ্গবন্ধু শেখ মুজিবুর রহমানের সুযোগ্যে কন্যা মাদার অফ হিউম্যানিটি খ্যাত বর্তমান প্রধানমন্ত্রী শেখ হাসিনা সমৃদ্ধ বাংলাদেশ গড়তে পুরুষের পাশাপাশি কর্মক্ষেত্রে নারীদের অংশগ্রহন সুনিশ্চিত করতে কর্মজীবী মায়েদের সুবিধার্থে বাংলাদেশে সরকারীভাবে ডে-কেয়ার সেন্টার তথা শিশু দিবাযত্ন কেন্দ্র চালু করার পদেক্ষেপ নিয়েছিলেন। একজন মা তার ছোট শিশুকে কোন নিরাপদ আশ্রয়ে রাখার নিশ্চয়তা পেলে তবেই সন্তানকে রেখে কাজের জন্য ঘরের বাইরে যেতে পারেন। তাই কর্মজীবী মায়েদের সন্তানকে দিবাকালীন সেবা প্রদানের লক্ষ্যে গনপ্রজাতন্ত্রী বাংলাদেশ সরকারের মহিলা ও শিশু বিষয়ক মন্ত্রণালয়ধীন মহিলা বিষয়ক অধিদপ্তর কর্তৃক শিশু দিবাযত্ন কেন্দ্র স্থাপন করা হয়েছে যাতে মহিলারা স্ব-স্ব কর্মস্থলে নিশ্চিন্তে কাজ করে নিজেদের তথা দেশের উন্নয়নে ভূমিকা রাখতে পারেন। কর্মজীবী মায়ের শিশুদের সেবা প্রদানে মহিলা\r\n\r\nবিষয়ক অধিদপ্তর কর্ত্ক পরিচালিত ‘’২০টি শিশু দিবাযত্ন কেন্দ্র স্থাপন প্রকল্প’’ অন্যতম। প্রকল্পটি সুষ্ঠভাবে পরিচালনা এবং সার্বিক তত্ত্বাবধায়নে দায়িত্বে আছেন একজন সুযোগ্য ও দক্ষ যুগ্নসচিব, জনাব আব্দুর রাশেদ খান।', NULL, NULL, NULL, NULL, NULL, NULL, NULL, 'demo_daycares_19'),
(20, 'রামপুরা শিশু দিবাযত্ন কেন্দ্র', 'রামপুরা, ঢাকা', 'বাঙালি জাতির পথপ্রদর্শক হাজার বছরের শ্রেষ্ঠ বাঙালি জাতির পিতা বঙ্গবন্ধু শেখ মুজিবুর রহমানের সুযোগ্যে কন্যা মাদার অফ হিউম্যানিটি খ্যাত বর্তমান প্রধানমন্ত্রী শেখ হাসিনা সমৃদ্ধ বাংলাদেশ গড়তে পুরুষের পাশাপাশি কর্মক্ষেত্রে নারীদের অংশগ্রহন সুনিশ্চিত করতে কর্মজীবী মায়েদের সুবিধার্থে বাংলাদেশে সরকারীভাবে ডে-কেয়ার সেন্টার তথা শিশু দিবাযত্ন কেন্দ্র চালু করার পদেক্ষেপ নিয়েছিলেন। একজন মা তার ছোট শিশুকে কোন নিরাপদ আশ্রয়ে রাখার নিশ্চয়তা পেলে তবেই সন্তানকে রেখে কাজের জন্য ঘরের বাইরে যেতে পারেন। তাই কর্মজীবী মায়েদের সন্তানকে দিবাকালীন সেবা প্রদানের লক্ষ্যে গনপ্রজাতন্ত্রী বাংলাদেশ সরকারের মহিলা ও শিশু বিষয়ক মন্ত্রণালয়ধীন মহিলা বিষয়ক অধিদপ্তর কর্তৃক শিশু দিবাযত্ন কেন্দ্র স্থাপন করা হয়েছে যাতে মহিলারা স্ব-স্ব কর্মস্থলে নিশ্চিন্তে কাজ করে নিজেদের তথা দেশের উন্নয়নে ভূমিকা রাখতে পারেন। কর্মজীবী মায়ের শিশুদের সেবা প্রদানে মহিলা\r\n\r\nবিষয়ক অধিদপ্তর কর্ত্ক পরিচালিত ‘’২০টি শিশু দিবাযত্ন কেন্দ্র স্থাপন প্রকল্প’’ অন্যতম। প্রকল্পটি সুষ্ঠভাবে পরিচালনা এবং সার্বিক তত্ত্বাবধায়নে দায়িত্বে আছেন একজন সুযোগ্য ও দক্ষ যুগ্নসচিব, জনাব আব্দুর রাশেদ খান।', NULL, NULL, NULL, NULL, NULL, NULL, NULL, 'demo_daycares_20');

-- --------------------------------------------------------

--
-- Table structure for table `day_cares_others`
--

CREATE TABLE `day_cares_others` (
  `id` int(11) NOT NULL,
  `title` varchar(500) COLLATE utf8_unicode_ci DEFAULT NULL,
  `description` text COLLATE utf8_unicode_ci,
  `division_id` tinyint(4) DEFAULT NULL,
  `district_id` smallint(6) DEFAULT NULL,
  `upazila_id` smallint(6) DEFAULT NULL,
  `address` varchar(255) COLLATE utf8_unicode_ci DEFAULT NULL,
  `officer_name` varchar(255) COLLATE utf8_unicode_ci DEFAULT NULL,
  `officer_designation` varchar(150) COLLATE utf8_unicode_ci DEFAULT NULL,
  `mobile_no` varchar(50) COLLATE utf8_unicode_ci DEFAULT NULL,
  `phone` varchar(50) COLLATE utf8_unicode_ci DEFAULT NULL,
  `email` varchar(150) COLLATE utf8_unicode_ci DEFAULT NULL,
  `latitude` varchar(20) COLLATE utf8_unicode_ci DEFAULT NULL,
  `longitude` varchar(20) COLLATE utf8_unicode_ci DEFAULT NULL,
  `owner_id` smallint(6) DEFAULT NULL,
  `area` varchar(255) COLLATE utf8_unicode_ci DEFAULT NULL,
  `type_id` tinyint(4) DEFAULT NULL
) ENGINE=MyISAM DEFAULT CHARSET=utf8 COLLATE=utf8_unicode_ci;

--
-- Dumping data for table `day_cares_others`
--

INSERT INTO `day_cares_others` (`id`, `title`, `description`, `division_id`, `district_id`, `upazila_id`, `address`, `officer_name`, `officer_designation`, `mobile_no`, `phone`, `email`, `latitude`, `longitude`, `owner_id`, `area`, `type_id`) VALUES
(43, 'নাখালপাড়া ডে-কেয়ার সেন্টার', NULL, 3, 13, 52, 'মাননীয় প্রধানমন্ত্রীর কার্যালয় সংলগ্ন, (সংসদ সদস্যদের বাসভবন কক্ষ নং- ২১ ও ২২)।', 'মমতাজ পারভীন।', 'ডে-কেয়ার অফিসার', NULL, '০১৭৩৯-৭৬৩১২৭', NULL, NULL, NULL, 1, NULL, 0),
(2, 'মিরপুর ডে-কেয়ার সেন্টার', NULL, 3, 13, 54, 'টোলারবাগ, মিরপুর-১, ঢাকা (ডেল্টা মেডিক্যাল কলেজের পাশে)', 'শাহীন আরা খাতুন', 'ডে-কেয়ার অফিসার ', NULL, '', NULL, NULL, NULL, 1, NULL, 1),
(42, 'রাজারবাগ ডে-কেয়ার সেন্টার', NULL, 3, 13, 52, 'রাজারবাগ পুলিশ লাইন, ঢাকা।', 'শামীমা নাসরিন নীপা', 'ডে-কেয়ার অফিসার', NULL, '০১৭৩৩-৫৫১১৭৫ ৪৩৪৩৭৭৮', NULL, NULL, NULL, 1, NULL, 0),
(4, 'মবি ডে-কেয়ার সেন্টার', NULL, 3, 13, 52, 'মহিলা বিষয়ক অধিদপ্তর, (৭ম তলা), ৩৭/৩, ইস্কাটন গার্ডেন রোড, ঢাকা।', 'ফরিদা ইয়াসমিন', 'ডে-কেয়ার অফিসার', NULL, '', NULL, NULL, NULL, 1, NULL, 1),
(5, 'আজিমপুর ডে-কেয়ার সেন্টার', NULL, 3, 13, 53, 'অফিসার্স কলনী, আজিমপুর, ঢাকা।', 'শাহরিনা জাহান', 'ডে-কেয়ার অফিসার', NULL, '', NULL, NULL, NULL, 1, NULL, 1),
(6, 'এজিবি ডে-কেয়ার সেন্টার', NULL, 3, 13, 49, 'গ্যারেজ বিল্ডিং (৩য় তলা), এজিবি চত্বর, সেগুন বাগিচা, ঢাকা।', 'সৈয়দা হোসনে আরা বেগম ', 'ডে-কেয়ার অফিসার', NULL, '০১৭১৫-১৮৭৮০, ৮৩১৬২২৯', NULL, NULL, NULL, 1, NULL, NULL),
(7, 'খিলগাঁও ডে-কেয়ার সেন্টার', NULL, 3, 13, 49, 'খিলগাও মাসুম এলাকা *এ\' জোন (১১ নং সরকারী স্টাফ কোয়াটারের ক্ষিণ পাশে), খিলগাঁও, ঢাকা।', 'হোসনে আরা খাতুন', '  ডে-কেয়ার অফিসার', NULL, '', NULL, NULL, NULL, 1, NULL, 1),
(8, 'সচিবালয় ডে-কেয়ার সেন্টার', NULL, 3, 13, 52, ', ১০ নং ভবন, বাংলাদেশ সচিবালয়, ঢাকা।', 'আসলাম জমাদার ', 'ডে-কেয়ার অফিসার', NULL, '', NULL, NULL, NULL, 1, NULL, 1),
(12, 'যাত্রাবাড়ী (খিলগাঁও) শিশু দিবাযত্ন কেন্দ্র', NULL, 3, 13, 63, 'খিলগাঁও পুনর্বাসন এলাকা ‘এ’ জোন (১১ নং সরকারী স্টাফ কোয়াটারের দক্ষিণ পাশে), খিলগাঁও, ঢাকা।', 'রেজীনা ওয়ালী', 'ডে-কেয়ার অফিসার', NULL, '০১৭১১-২৮৬৭৪১', NULL, NULL, NULL, 1, NULL, 2),
(9, 'মগবাজার শিশু দিবাযত্ন কেন্দ্র', NULL, 3, 13, 52, '৫৫৩ নয়াটোল, বড়-মগবাজার, ঢাকা।', 'সুফিয়া বেগম', 'ডে-কেয়ার অফিসার', NULL, '০১৯১৮-৪৫৭৫৩৬', NULL, NULL, NULL, 1, NULL, NULL),
(10, 'কল্যাণপুর শিশু দিবাযত্ন কেন্দ্র', NULL, 3, 13, 54, 'বাড়ী নং- ৫৩, রোড় নং- ১৩, কল্যাণপুর, ঢাকা।', 'ফারজানা হাসান', 'ডে-কেয়ার অফিসার', NULL, '০১৭৪৮-৭১৪২৫৫', NULL, NULL, NULL, 1, NULL, NULL),
(11, 'মোহাম্মদপুর শিশু দিবাযত্ন কেন্দ্র', NULL, 3, 13, 56, '১/৬-এ, ব্লক-বি, লালমাটিয়া, ঢাকা।', 'কামরুন নাহার', 'ডে-কেয়ার অফিসার', NULL, '০১৮১৬-৩৯৪২৪২', NULL, NULL, NULL, 1, NULL, 2),
(13, 'রামপুরা শিশু দিবাযত্ন কেন্দ্র', NULL, 3, 13, 63, '১৬৭/এ ওয়াপদা রোড, পশ্চিম রামপুরা, ঢাকা।', 'ইশরাত ফাতেমা ', 'ডে-কেয়ার অফিসার', NULL, '০১৭৩১৫৪১০৯৮', NULL, NULL, NULL, 1, NULL, 2),
(14, 'আঞ্জীমপুর শিশু দিবাযত্ন কেন্দ্র', NULL, 3, 13, 53, 'অফিসার্স কলোনী, আজিমপুর, ঢাকা।', 'শাহনাজ পারভিন', 'ডে-কেয়ার অফিসার', NULL, '০১৭১১-৭৩৭৫৪৫', NULL, NULL, NULL, 1, NULL, 2),
(15, 'ফরিদাবাদ শিশু দিবাযত্ন কেন্দ্র', NULL, 3, 13, 60, '১৯, লালমোহন পােন্দার লেন, আইঞ্জি গেট, ফরিদাবাদ, সূত্রাপুর, ঢাকা।', 'অনুভা বিশ্বাস', 'ডে-কেয়ার অফিসার', NULL, '০১৭১৬৮৮৮৮৪০, ০১৭১৫৪৭১১২৬', NULL, NULL, NULL, 1, NULL, 2),
(16, 'কামরাঙ্গীরচর ডে-কেয়ার সেন্টার,', NULL, 3, 13, 67, 'বাড়ী নং-৪, বাম, আলী নার, চেয়াম্যানবাড়ি চৌরাস্তা, কামরাঙ্গীরচর, ঢাকা।', 'প্রীতিলতা বাইন', 'ডে-কেয়ার অফিসার', NULL, '০১৭১৭-২২০৪৬০', NULL, NULL, NULL, 1, NULL, 2),
(17, 'টঙ্গী ডে-কেয়ার সেন্টার', NULL, 3, 13, 64, 'টঙ্গী ডে-কেয়ার সেন্টার, ৩নং- চেরাগআলী মাতবর রোড, পোঃ- নিশাত নগর, টঙ্গী, গাজীপুর।', 'মোঃ মনির হোসেন', 'ডে-কেয়ার অফিসার', NULL, '০১৭১১-০০৫১৯ ৯৮১৫৬৮৯', NULL, NULL, NULL, 1, NULL, 2),
(18, 'নারায়নগঞ্জ ডে-কেয়ার সেন্টার', NULL, 3, 42, 127, '১২৬/১১, উত্তর চাষাড়া, চানমারী, নারায়নগঞ্জ।', 'ছাবিকুন নাহার ', 'ডে-কেয়ার অফিসার', NULL, '০১৭১৫-৬৮৮৮৫৬ ৭৬৪৬৭০৫', NULL, NULL, NULL, 1, NULL, 2),
(19, 'কুমিল্লা ডে-কেয়ার সেন্টার', NULL, 2, 11, 339, 'পুরাতন মৌলভীপাড়, (এ্যাডভকেট আবুল কাশেম ভূয়া এর বাড়ি) চকবাজার, কুমিল্লা।', 'মোঃ আবু নাসির জাফির তালুকদার', 'ডে-কেয়ার অফিসার', NULL, '০১৭১৭-৭৬২৪৪৮ ০১৯১৭-২৫২০২৩', NULL, NULL, NULL, 1, NULL, 0),
(20, 'শ্রীমঙ্গল ডে-কেয়ার সেন্টার,', NULL, 7, 37, 452, 'শ্রীমঙ্গল সদর উপজেলা, ১৭বি, শ্যামলী আবাসিক এলাকা, শ্রীমঙ্গল, মৌলভীবাজার।', 'সাহিদা খাতুন ', 'ডে-কেয়ার অফিসার', NULL, '০১৯১১৭৪৮৯৭০', NULL, NULL, NULL, 1, NULL, 0),
(21, 'ময়মনসিংহ ডে-কেয়ার সেন্টার', NULL, 8, 39, 33, 'চৌধুরী ম্যানসন, ৬৯, আকুয়া, ময়মনসিংহ।', 'মোঃ সোহরাব হোসেন', 'ডে-কেয়ার অফিসার', NULL, '০১৭১৬-৯৩৪০৪ ০৯১-৬২৮০০', NULL, NULL, NULL, 1, NULL, 0),
(22, 'বগুড়া ডে-কেয়ার সেন্টার', NULL, 5, 6, 240, 'বাড়ী নং-১৮৫৮, সাং- ফুলবাড়ি দঃ পাড়া, বকুলতলা, বগুড়া।', 'মোছাঃ নূ্র আক্তার বানু ', 'ডে-কেয়ার অফিসার', NULL, '০১৭১২-৫৫২৭৫২ ০৫১-৬১৮১৩', NULL, NULL, NULL, 1, NULL, 0),
(23, 'বি-বাড়িয়া ডে-কেয়ার সেন্টার', NULL, 2, 7, 348, 'বাড়ি নং-৫০১, মাদারল্যান্ড হাউজ, মধ্যপাড়া, বি-বাড়িয়া।', 'আফরোজা শাহীন', 'ডে-কেয়ার অফিসার', NULL, '০১৮৩৩-৮৪২৮৪৮', NULL, NULL, NULL, 1, NULL, 0),
(24, 'দিনাজপুর ডে-কেয়ার সেন্টার', NULL, 6, 14, 251, 'হোল্ডিং নং- ১২১/১৯৬৯, লালবাগ, দিনাজপুর।', 'রেজবী সারমিনাজ ইসলাম ', 'ডে-কেয়ার অফিসার', NULL, '০১৭১২-২৩৮৫৬৮ ০৫৩১-৬৬৬০৯', NULL, NULL, NULL, 1, NULL, 0),
(25, 'কুষ্টিয়া ডে-কেয়ার সেন্টার', NULL, 4, 30, 201, 'ঝিনাইদহ রোড, পূর্ব মজপুর, সাদ্দাম বাজার (দারুস সেফা) কুষ্টিয়া।', 'মীনা রানী সাহা ', 'ডে-কেয়ার অফিসার', NULL, '০১৭২২-৪৭৩৫১২ ০৭১-৬৩৩২৫', NULL, NULL, NULL, 1, NULL, 0),
(26, 'যশোর ডে-কেয়ার সেন্টার', NULL, 4, 23, 143, '৮৫ নং হাজী মোহাম্মদ মহসীন রোড, শোন অফিস পাড়া, যশোর।', 'মোছাঃ নাসরিন সুলতানা', 'ডে-কেয়ার অফিসার', NULL, '০১৭১৯-৯২১৯০৯ ৩৪২১-৭১৪৮৮', NULL, NULL, NULL, 1, NULL, 0),
(27, 'পাবনা ডে-কেয়ার সেন্টার', NULL, 5, 49, 286, 'রোমেনা কটেজ, হোল্ডিং-১৪৮, সারা রোড, পৈল্যানপুর, পাবনা।', 'আরিফা সুলতানা', 'ডে-কেয়ার অফিসার', NULL, '০১৮১৬-৫৬৫১৫২ ০৭৩১-৬৩৬১০', NULL, NULL, NULL, 1, NULL, 0),
(28, 'ফরিদপুর ডে-কেয়ার সেন্টার', NULL, 3, 15, 71, 'ইয়াছিন সড়ক,৮৫, ভাটি লক্ষীপুর,কোতয়ালী, ফরিদপুর।', 'শামীম রেজা ', 'ডে-কেয়ার অফিসার', NULL, '০১৭১৫-১৫৯১৭১ ০৬৩১-৬৬৪৪৫', NULL, NULL, NULL, 1, NULL, 0),
(29, 'ফেনী ডে-কেয়ার সেন্টার', NULL, 2, 16, 358, 'হোল্ডিং নং-২১৩, এস,এস, কে, রোড, ফেনী।', 'সুলতানা রাজীয়া', 'ডে-কেয়ার অফিসার', NULL, '০১৮১৬-৬২৩৪৬২ ০৩৩১৭৪৯৭২', NULL, NULL, NULL, 1, NULL, 0),
(30, 'চট্টগ্রাম শিশু দিবাযত্ন কেন্দ্র', NULL, 2, 9, 402, 'বাড়ি নং-৬১,রোড নং-০১,মোমেনবাগ আবাসিক এলাকা ,হামজারবাগ, পাচলাইশ, চট্টগ্রাম', 'অঞ্ছনা ভট্টাচায ', 'উপ-পরিচালক', NULL, '০১৮৩০০৩১৪৩২ ০৩১-৬৫২৯০৯', NULL, NULL, NULL, 1, NULL, 0),
(31, 'রাজশাহী শিশু দিবাযত্ন কেন্দ্র,', NULL, 5, 53, 326, 'হোল্ডিং নং- ৩১, সফুরা, রাজশাহী।', 'শবনম শিরিন ', 'উপপরিচালক', NULL, '০১৭১৪-২২৪৬৬৬ ৯৩৬২৭০৮', NULL, NULL, NULL, 1, NULL, 0),
(32, 'খুলনা শিশু দিবাযত্ন কেন্দ্র', NULL, 4, 27, 182, '৫ নং শেরে বাংলা রোড়, খুলনা।', 'নার্গিস ফাতেমা জামিন', 'উপ-পরিচালক', NULL, '০১৭১২-৫৩০৪৬৫ ০৪১-৭২০৪৫৩', NULL, NULL, NULL, 1, NULL, 0),
(33, 'বরিশাল শিশু দিবাযত্ন কেন্দ্র', NULL, 1, 4, 467, 'বি এম, কলেজ রোড়, বরিশাল।', 'মিসেস রাশিদা বেগম', 'উপ-পরিচালক', NULL, '০১৭১৫-৯১৭২৫২ ০৪৩১-৬৪৬৭৫', NULL, NULL, NULL, 1, NULL, 0),
(34, 'সিলেট শিশু দিবাযত্ন কেন্দ্র', NULL, 7, 62, 437, 'হোল্ডিং নং-১৩৪৯-০৫ আজিজ কটেজ, সেবক-২৩, রায়নগর, সিলেট।', 'শাহিদা আক্তার ', 'জেলা মহিলা বিষয়ক কর্মকর্তা', NULL, '০১৭২৬-৫৩৫০২০ ০৮২১-৭১৩০২', NULL, NULL, NULL, 1, NULL, 0),
(35, 'সাভার ডে-কেয়ার সেন্টার, মেহেদী প্যালেস', NULL, 3, 13, 58, '৭/১, ব্লক-এ, ওয়ার্ড নং-৯ নামা গেডা, সাভার, ঢাকা।', 'মোহাম্মদ নুরুল ইসলাম', 'ডে-কেয়ার অফিসার', NULL, '০১৯৭৩-১১২০০৪ ৭৭৪৫৭২১', NULL, NULL, NULL, 1, NULL, 0),
(36, 'ডেমরা ডে-কেয়ার সেন্টার', NULL, 3, 13, 59, 'মাতবর বাড়ী, ভাংগা প্রেস, ডোমরা রোড, যাত্রাবাড়ী।', 'রেজওয়ানা চৌধুরী', 'ডে-কেয়ার অফিসার', NULL, '০১৭৮০-১৭৬৯৩৯ ৭৫৪৩৪৬৪', NULL, NULL, NULL, 1, NULL, 0),
(37, 'আদাবর ডে-কেয়ার সেন্টার', NULL, 3, 13, 56, 'বাড়ী নং-৫৩/৫৪, রোড নং-১৬, সুনিবিড় হাউজিং, আদাবর, ঢাকা।', 'সম্পিয়া সালতানা', 'ডে-কেয়ার অফিসার', NULL, '০১৭২৩-৩১৩২৩৪ ৮১৯০৮৩০', NULL, NULL, NULL, 1, NULL, 0),
(38, 'গাবতলী ডে-কেয়ার সেন্টার', NULL, 3, 13, 54, 'এ/৫৫, তৃতীয় কলোনী লালকুঠি, মিরপুর, মাজার রোড, গাবতলী, ঢাকা।', 'দুগা শর্মা', 'ডে-কেয়ার অফিসার', NULL, '০১৯৮৩-৪৫১৬৪৪ ৯০১২৩২৩', NULL, NULL, NULL, 1, NULL, 0),
(39, 'মিরপুর-১০ ডে-কেয়ার সেন্টার', NULL, 3, 13, 54, 'বাড়ী নং-১১৯৬ পূর্ব মনিপুর, মিরপুর-২, ঢাকা।', 'মোছঃ লায়লা আরজুমান ', 'ডে-কেয়ার অফিসার', NULL, '০১৭৫৩-২২৪৮৫৮ ৮০৫১৪৭৬', NULL, NULL, NULL, 1, NULL, 0),
(40, 'জিগাতলা ডে-কেয়ার সেন্টার', NULL, 3, 13, 51, 'হোল্ডিং নং-০৫, রোড নং-০৪, ঝাউচর বাজার, হাজারীবাগ, জিগাতলা, ঢাকা।', 'শারমিন আরা', 'ডে-কেয়ার অফিসার', NULL, '০১৭০৩-৭২৫৬০৯', NULL, NULL, NULL, 1, NULL, 0),
(41, 'উত্তরা ডে-কেয়ার সেন্টার', NULL, 3, 13, 64, 'বাড়ী নং-৬/এ, রোড -২/বি, সেক্টর-১১, উত্তরা, ঢাকা।', 'শারমিন আরা', 'ডে-কেয়ার অফিসার', NULL, '০১৭৮৫৮১৭০৮৭ ৮৯৯১২৮৪', NULL, NULL, NULL, 1, NULL, 0),
(44, 'নাখালপাড়া ডে-কেয়ার সেন্টার', NULL, 3, 13, 52, 'মাননীয় প্রধানমন্ত্রীর কার্যালয় সংলগ্ন, (সংসদ সদস্যদের বাসভবন কক্ষ নং- ২১ ও ২২)।', 'মমতাজ পারভীন।', 'ডে-কেয়ার অফিসার', NULL, '০১৭৩৯-৭৬৩১২৭', NULL, NULL, NULL, 1, NULL, 0),
(45, 'প্ল্যানিং কমিশন চকুর ডে-কেয়ার সেন্টার', NULL, 3, 13, 54, 'আগারগাঁও, ঢাকা।', 'মাহমুদা মজুমদার', 'ডে-কেয়ার অফিসার', NULL, '০১৯৫৯-৫২৩১১০', NULL, NULL, NULL, 1, NULL, 0),
(46, 'বাড্ডা ডে-কেয়ার সেন্টার', NULL, 3, 13, 61, '১১০৫, খিলবাড়ীরটেক, বাড্ডা, ঢাকা-১২১২।', 'ফারহানা আক্তার', 'ডে-কেয়ার অফিসার', NULL, '০১৭১৭-২৫০৭৫৬ ৮৮৯৯৫৯৬', NULL, NULL, NULL, 1, NULL, 0);

-- --------------------------------------------------------

--
-- Table structure for table `day_care_type`
--

CREATE TABLE `day_care_type` (
  `id` tinyint(4) NOT NULL,
  `type_name` varchar(100) NOT NULL
) ENGINE=InnoDB DEFAULT CHARSET=utf8;

--
-- Dumping data for table `day_care_type`
--

INSERT INTO `day_care_type` (`id`, `type_name`) VALUES
(1, 'মধ্য বিত্ত'),
(2, 'নিন্ম বিত্ত');

-- --------------------------------------------------------

--
-- Table structure for table `districts`
--

CREATE TABLE `districts` (
  `id` int(2) NOT NULL,
  `dis_div_id` tinyint(2) DEFAULT NULL,
  `dis_name_bn` varchar(255) DEFAULT NULL,
  `dis_name_en` varchar(255) DEFAULT NULL,
  `dis_bbs_code` varchar(2) DEFAULT NULL,
  `dis_dglr_code` varchar(9) DEFAULT NULL,
  `status` tinyint(1) NOT NULL DEFAULT '0'
) ENGINE=InnoDB DEFAULT CHARSET=utf8 ROW_FORMAT=COMPACT;

--
-- Dumping data for table `districts`
--

INSERT INTO `districts` (`id`, `dis_div_id`, `dis_name_bn`, `dis_name_en`, `dis_bbs_code`, `dis_dglr_code`, `status`) VALUES
(1, 4, 'বাগেরহাট                                ', 'BAGERHAT', '01', '020600000', 0),
(2, 2, 'বান্দরবন                 ', 'BANDARBAN', '03', '040800000', 0),
(3, 1, 'বরগুনা                                  ', 'BARGUNA', '04', '060300000', 0),
(4, 1, 'বরিশাল                                  ', 'BARISAL', '06', '060200000', 0),
(5, 1, 'ভোলা                                   ', 'BHOLA', '09', '060500000', 0),
(6, 5, 'বগুড়া                                   ', 'BOGRA', '10', '030600000', 0),
(7, 2, 'ব্রাহ্মনবাড়ীয়া                          ', 'BRAHMANBARIA', '12', '040200000', 0),
(8, 2, 'চাঁদপুর                                 ', 'CHANDPUR', '13', '040300000', 0),
(9, 2, 'চট্টগ্রাম                  ', 'CHITTAGONG', '15', '040900000', 0),
(10, 4, 'চুয়াডাঙ্গা                ', 'CHUADANGA', '18', '020800000', 0),
(11, 2, 'কুমিল্লা', 'COMILLA', '19', '040100000', 1),
(12, 2, 'কক্সবাজার', 'Cox\'s Bazar', '22', '040700000', 1),
(13, 3, 'ঢাকা                                    ', 'DHAKA', '26', '010500000', 0),
(14, 6, 'দিনাজপুর                                ', 'DINAJPUR', '27', '070700000', 0),
(15, 3, 'ফরিদপুর                                 ', 'FARIDPUR', '29', '010600000', 0),
(16, 2, 'ফেণী                                    ', 'FENI', '30', '040400000', 0),
(17, 6, 'গাইবান্ধা                               ', 'GAIBANDHA', '32', '070200000', 0),
(18, 3, 'গাজীপুর                 ', 'GAZIPUR', '33', '011600000', 0),
(19, 3, 'গোপালগঞ্জ', 'GOPALGANJ', '35', '010700000', 1),
(20, 7, 'হবিগঞ্জ                                 ', 'HABIGANJ', '36', '050200000', 0),
(21, 5, 'জয়পুরহাট                                ', 'JOYPURHAT', '38', '030400000', 0),
(22, 8, 'জামালপুর                                ', 'JAMALPUR', '39', '080100000', 0),
(23, 4, 'যশোহর                                  ', 'JESSORE', '41', '020100000', 0),
(24, 1, 'ঝালকাঠী                                 ', 'JHALOKATI', '42', '060600000', 0),
(25, 4, 'ঝিনাইদহ                                 ', 'JHENAIDAH', '44', '020400000', 0),
(26, 2, 'খাগড়াছড়ি                ', 'KHAGRACHHARI', '46', '041000000', 0),
(27, 4, 'খুলনা                                   ', 'KHULNA', '47', '020700000', 0),
(28, 3, 'কিশোরগঞ্জ                               ', 'KISHOREGONJ', '48', '010400000', 0),
(29, 6, 'কুড়িগ্রাম                               ', 'KURIGRAM', '49', '070500000', 0),
(30, 4, 'কুষ্টিয়া                  ', 'KUSHTIA', '50', '020900000', 0),
(31, 2, 'লক্ষীপুর                                ', 'LAKSHMIPUR', '51', '040500000', 0),
(32, 6, 'লালমনিরহাট              ', 'LALMONIRHAT', '52', '070100000', 0),
(33, 3, 'মাদারীপুর                               ', 'MADARIPUR', '54', '010900000', 0),
(34, 4, 'মাগুরা                                  ', 'MAGURA', '55', '020200000', 0),
(35, 3, 'মানিকগঞ্জ                               ', 'MANIKGANJ', '56', '011200000', 0),
(36, 4, 'মেহেরপুর', 'MEHERPUR', '57', '021000000', 1),
(37, 7, 'মৌলভীবাজার                             ', 'MAULVIBAZAR', '58', '050400000', 0),
(38, 3, 'মুন্সিগঞ্জ', 'MUNSHIGANJ', '59', '011400000', 1),
(39, 8, 'ময়মনসিংহ                                ', 'MYMENSINGH', '61', '080300000', 0),
(40, 5, 'নওগাঁ                   ', 'NAOGAON', '64', '031300000', 0),
(41, 4, 'নড়াইল                                   ', 'NARAIL', '65', '020300000', 0),
(42, 3, 'নারায়নগঞ্জ                              ', 'NARAYANGANJ', '67', '011500000', 0),
(43, 3, 'নরসিংদী                                 ', 'NARSINGDI', '68', '011300000', 0),
(44, 5, 'নাটোর', 'NATORE', '69', '031400000', 0),
(45, 5, 'চাপাইনবাবগঞ্জ             ', 'CHAPAI NABABGANJ', '70', '031600000', 0),
(46, 8, 'নেত্রকোনা                               ', 'NETRAKONA', '72', '080200000', 0),
(47, 6, 'নীলফামারী', 'NILPHAMARI ZILA', '73', '070600000', 1),
(48, 2, 'নোয়াখালী                               ', 'NOAKHALI', '75', '040600000', 0),
(49, 5, 'পাবনা                                   ', 'PABNA', '76', '031100000', 0),
(50, 6, 'পঞ্চগড়                                  ', 'PANCHAGARH', '77', '070800000', 0),
(51, 1, 'পটুয়াখালী                               ', 'PATUAKHALI', '78', '060400000', 0),
(52, 1, 'পিরোজপুর                               ', 'PIROJPUR', '79', '060100000', 0),
(53, 5, 'রাজশাহী                 ', 'RAJSHAHI', '81', '031500000', 0),
(54, 3, 'রাজবাড়ী                                 ', 'RAJBARI', '82', '010800000', 0),
(55, 2, 'রাঙ্গামাটি                ', 'RANGAMATI', '84', '041100000', 0),
(56, 6, 'রংপুর                                   ', 'RANGPUR', '85', '070300000', 0),
(57, 3, 'শরীয়তপুর                                ', 'SHARIATPUR', '86', '011100000', 0),
(58, 4, 'সাতক্ষীরা                               ', 'SATKHIRA', '87', '020500000', 0),
(59, 5, 'সিরাজগঞ্জ                               ', 'SIRAJGANJ', '88', '031000000', 0),
(60, 8, 'শেরপুর                  ', 'SHERPUR', '89', '080400000', 0),
(61, 7, 'সুনামগঞ্জ                               ', 'SUNAMGANJ', '90', '050300000', 0),
(62, 7, 'সিলেট                                   ', 'SYLHET', '91', '050100000', 0),
(63, 3, 'টাংগাইল', 'TANGAIL', '93', '010100000', 0),
(64, 6, 'ঠাকুরগাঁও', 'THAKURGAON', '94', '070400000', 0);

-- --------------------------------------------------------

--
-- Table structure for table `divisions`
--

CREATE TABLE `divisions` (
  `id` int(2) NOT NULL,
  `div_name_bn` varchar(100) DEFAULT NULL,
  `div_name_en` varchar(100) DEFAULT NULL,
  `div_bbs_code` varchar(2) DEFAULT NULL,
  `div_dglr_code` varchar(9) DEFAULT NULL,
  `sort_order` tinyint(2) NOT NULL DEFAULT '0',
  `status` tinyint(1) NOT NULL DEFAULT '0'
) ENGINE=InnoDB DEFAULT CHARSET=utf8 ROW_FORMAT=COMPACT;

--
-- Dumping data for table `divisions`
--

INSERT INTO `divisions` (`id`, `div_name_bn`, `div_name_en`, `div_bbs_code`, `div_dglr_code`, `sort_order`, `status`) VALUES
(1, 'বরিশাল', 'Barisal', '10', '060000000', 60, 0),
(2, 'চট্টগ্রাম', 'Chittagong', '20', '040000000', 20, 1),
(3, 'ঢাকা', 'Dhaka', '30', '010000000', 10, 1),
(4, 'খুলনা', 'Khulna', '40', '020000000', 50, 1),
(5, 'রাজশাহী', 'Rajshahi', '50', '030000000', 30, 0),
(6, 'রংপূর', 'Rangpur', '55', '070000000', 70, 1),
(7, 'সিলেট', 'Sylhet', '60', '050000000', 40, 0),
(8, 'ময়মনসিংহ', 'Mymensing', '90', '080000000', 80, 0);

-- --------------------------------------------------------

--
-- Table structure for table `doctors`
--

CREATE TABLE `doctors` (
  `id` int(11) NOT NULL,
  `institute_name` varchar(255) COLLATE utf8_unicode_ci DEFAULT NULL,
  `doctor_name` varchar(255) COLLATE utf8_unicode_ci DEFAULT NULL,
  `division_id` tinyint(4) DEFAULT NULL,
  `district_id` smallint(6) DEFAULT NULL,
  `upazila_id` smallint(6) DEFAULT NULL,
  `mobile_no` varchar(50) COLLATE utf8_unicode_ci DEFAULT NULL,
  `phone` varchar(50) COLLATE utf8_unicode_ci DEFAULT NULL,
  `email` varchar(150) COLLATE utf8_unicode_ci DEFAULT NULL
) ENGINE=MyISAM DEFAULT CHARSET=utf8 COLLATE=utf8_unicode_ci;

--
-- Dumping data for table `doctors`
--

INSERT INTO `doctors` (`id`, `institute_name`, `doctor_name`, `division_id`, `district_id`, `upazila_id`, `mobile_no`, `phone`, `email`) VALUES
(1, 'ঢাকা মেডিকেল কলেজ', 'ডা: জান্নাতুল ফেরদৌস', 3, 13, 53, NULL, '', NULL),
(2, 'ঢাকা মেডিকেল কলেজ', 'ডা:মনীষা ব্যানার্জি', 3, 13, 53, NULL, '', NULL),
(3, 'ঢাকা মেডিকেল কলেজ', 'ডা: চন্দন কুমার সাহা', 3, 13, 53, NULL, '', NULL),
(4, 'ঢাকা মেডিকেল কলেজ', 'ডা: মোহাম্মদ জহির উদ্দিন', 3, 13, 53, NULL, '', NULL),
(5, 'ঢাকা মেডিকেল কলেজ', 'ডা: মো: তাফাজ্জল হোসেন খান', 3, 13, 53, NULL, '', NULL),
(6, 'ঢাকা মেডিকেল কলেজ', 'ডা: তাহসিনুল আমিন', 3, 13, 53, NULL, '', NULL),
(7, 'ঢাকা মেডিকেল কলেজ', 'ডা: আব্দুল হানিফ', 3, 13, 53, NULL, '', NULL),
(8, 'ঢাকা মেডিকেল কলেজ', 'ডা: জগলুল গাফফার খান', 3, 13, 53, NULL, '', NULL),
(9, 'ঢাকা মেডিকেল কলেজ', 'ডা: সাঈদা আনোয়ার', 3, 13, 53, NULL, '', NULL),
(10, 'ঢাকা মেডিকেল কলেজ', 'ডা: সাকিল আহম্মদ', 3, 13, 53, NULL, '', NULL);

-- --------------------------------------------------------

--
-- Table structure for table `gallery`
--

CREATE TABLE `gallery` (
  `id` int(11) NOT NULL,
  `name` varchar(255) NOT NULL,
  `image_file` varchar(100) NOT NULL,
  `category_id` varchar(100) NOT NULL,
  `url` varchar(255) NOT NULL,
  `display_home` tinyint(1) NOT NULL,
  `status` tinyint(1) NOT NULL DEFAULT '1'
) ENGINE=InnoDB DEFAULT CHARSET=utf8;

--
-- Dumping data for table `gallery`
--

INSERT INTO `gallery` (`id`, `name`, `image_file`, `category_id`, `url`, `display_home`, `status`) VALUES
(26, '', '01.jpg', 'দব-যতন-কনদর-১', '', 0, 1),
(27, '', '02.jpg', 'দব-যতন-কনদর-২', '', 0, 1),
(28, '', '03.jpg', 'দব-যতন-কনদর-৩', '', 0, 1),
(29, '', '04.jpg', 'দব-যতন-কনদর-৪', '', 0, 1),
(30, '', '05.jpg', 'দব-যতন-কনদর-৫', '', 0, 1),
(31, '', '06.jpg', 'দব-যতন-কনদর-৬', '', 0, 1),
(32, '', '07.jpg', 'দব-যতন-কনদর-৭', '', 0, 1),
(33, '', '08.jpg', 'দব-যতন-কনদর-৮', '', 0, 1);

-- --------------------------------------------------------

--
-- Table structure for table `gallery_category`
--

CREATE TABLE `gallery_category` (
  `id` smallint(6) NOT NULL,
  `cat_name` varchar(50) NOT NULL,
  `slug` varchar(100) NOT NULL,
  `status` tinyint(1) NOT NULL DEFAULT '1'
) ENGINE=InnoDB DEFAULT CHARSET=utf8;

--
-- Dumping data for table `gallery_category`
--

INSERT INTO `gallery_category` (`id`, `cat_name`, `slug`, `status`) VALUES
(7, 'দিবা যত্ন কেন্দ্র  ১', 'দব-যতন-কনদর-১', 1),
(8, 'দিবা যত্ন কেন্দ্র  ২', 'দব-যতন-কনদর-২', 1),
(9, 'দিবা যত্ন কেন্দ্র  ৩', 'দব-যতন-কনদর-৩', 1),
(10, 'দিবা যত্ন কেন্দ্র  ৪', 'দব-যতন-কনদর-৪', 1),
(11, 'দিবা যত্ন কেন্দ্র  ৫', 'দব-যতন-কনদর-৫', 1),
(12, 'দিবা যত্ন কেন্দ্র  ৬', 'দব-যতন-কনদর-৬', 1),
(13, 'দিবা যত্ন কেন্দ্র  ৭', 'দব-যতন-কনদর-৭', 1),
(14, 'দিবা যত্ন কেন্দ্র  ৮', 'দব-যতন-কনদর-৮', 1),
(15, 'দিবা যত্ন কেন্দ্র  ৯', 'দব-যতন-কনদর-৯', 1),
(17, 'দিবা যত্ন কেন্দ্র ১০', 'দব-যতন-কনদর-১০', 1),
(18, 'দিবা যত্ন কেন্দ্র ১১', 'দব-যতন-কনদর-১১', 1),
(19, 'দিবা যত্ন কেন্দ্র ১২', 'দব-যতন-কনদর-১২', 1),
(20, 'দিবা যত্ন কেন্দ্র ১৩', 'দব-যতন-কনদর-১৩', 1),
(21, 'দিবা যত্ন কেন্দ্র ১৪', 'দব-যতন-কনদর-১৪', 1),
(22, 'দিবা যত্ন কেন্দ্র ১৫', 'দব-যতন-কনদর-১৫', 1),
(23, 'দিবা যত্ন কেন্দ্র ১৬', 'দব-যতন-কনদর-১৬', 1),
(24, 'দিবা যত্ন কেন্দ্র ১৭', 'দব-যতন-কনদর-১৭', 1),
(25, 'দিবা যত্ন কেন্দ্র ১৮', 'দব-যতন-কনদর-১৮', 1),
(26, 'দিবা যত্ন কেন্দ্র ১৯', 'দব-যতন-কনদর-১৯', 1),
(27, 'দিবা যত্ন কেন্দ্র ২০', 'দব-যতন-কনদর-২০', 1);

-- --------------------------------------------------------

--
-- Table structure for table `groups`
--

CREATE TABLE `groups` (
  `id` mediumint(8) UNSIGNED NOT NULL,
  `name` varchar(20) NOT NULL,
  `description` varchar(100) NOT NULL
) ENGINE=InnoDB DEFAULT CHARSET=utf8;

--
-- Dumping data for table `groups`
--

INSERT INTO `groups` (`id`, `name`, `description`) VALUES
(1, 'admin', 'Super Admin'),
(2, 'dc_admin', 'Day Care Admin'),
(3, 'parents', 'Parents');

-- --------------------------------------------------------

--
-- Table structure for table `login_attempts`
--

CREATE TABLE `login_attempts` (
  `id` int(11) UNSIGNED NOT NULL,
  `ip_address` varchar(15) NOT NULL,
  `login` varchar(100) NOT NULL,
  `time` int(11) UNSIGNED DEFAULT NULL
) ENGINE=InnoDB DEFAULT CHARSET=utf8;

-- --------------------------------------------------------

--
-- Table structure for table `setting`
--

CREATE TABLE `setting` (
  `id` int(11) NOT NULL,
  `contact_number` varchar(30) NOT NULL,
  `contact_email` varchar(50) NOT NULL,
  `contact_address` varchar(200) NOT NULL,
  `image_file` varchar(100) NOT NULL,
  `image_file1` varchar(255) NOT NULL,
  `copyright` varchar(50) NOT NULL,
  `google_map` text NOT NULL,
  `google_map_lng` varchar(50) NOT NULL,
  `video_title` varchar(100) NOT NULL,
  `video_link` varchar(255) NOT NULL
) ENGINE=InnoDB DEFAULT CHARSET=utf8;

--
-- Dumping data for table `setting`
--

INSERT INTO `setting` (`id`, `contact_number`, `contact_email`, `contact_address`, `image_file`, `image_file1`, `copyright`, `google_map`, `google_map_lng`, `video_title`, `video_link`) VALUES
(1, '+880-1817000000', 'info@demo.com', '19-B/2-C & 2-D, Block-F, 5th Floor, Ring Road, Shamoli, Dhaka-1207', 'logo.png', 'logo1.png', 'Day Care', '<iframe src=\"https://www.google.com/maps/embed?pb=!1m18!1m12!1m3!1d3651.3029262561745!2d90.35383331435895!3d23.772224893860464!2m3!1f0!2f0!3f0!3m2!1i1024!2i768!4f13.1!3m3!1m2!1s0x3755c09877020211%3A0x659eedef50a532ae!2z4Kas4Ka-4Kav4Ka84Kak4KeB4KayIOCmhuCmruCmvuCmqCDgprngpr7gpongppzgpr_gpoIg4Ka44KeL4Ka44Ka-4KaH4Kaf4Ka_!5e0!3m2!1sbn!2sbd!4v1514693295088\" width=\"100%\" height=\"450\" frameborder=\"0\" style=\"border:0\" allowfullscreen></iframe>', '90.353453', 'Your Company Slogna', 'https://www.youtube.com/watch?v=PRq2eH4BrtU');

-- --------------------------------------------------------

--
-- Table structure for table `slider`
--

CREATE TABLE `slider` (
  `id` int(11) NOT NULL,
  `title` varchar(255) NOT NULL,
  `details` varchar(300) NOT NULL,
  `image_file` varchar(100) NOT NULL,
  `display_home` tinyint(1) NOT NULL,
  `status` tinyint(1) NOT NULL DEFAULT '1'
) ENGINE=InnoDB DEFAULT CHARSET=utf8;

--
-- Dumping data for table `slider`
--

INSERT INTO `slider` (`id`, `title`, `details`, `image_file`, `display_home`, `status`) VALUES
(18, 'slider 1', '', 'Image-071.jpg', 1, 1),
(19, 'slider 2', '', 'Image-03.jpg', 1, 1),
(20, 'slider 3', '', 'Image-011.jpg', 1, 1),
(21, 'slider 4', '', 'Image-062.jpg', 1, 1);

-- --------------------------------------------------------

--
-- Table structure for table `upazilas`
--

CREATE TABLE `upazilas` (
  `id` int(11) NOT NULL,
  `upa_div_id` tinyint(2) DEFAULT NULL,
  `upa_dis_id` smallint(5) DEFAULT NULL,
  `upa_name_bn` varchar(255) DEFAULT NULL,
  `upa_name_en` varchar(255) DEFAULT NULL,
  `upa_bbs_code` varchar(2) DEFAULT NULL,
  `upa_dglr_code` varchar(9) DEFAULT NULL,
  `status` tinyint(1) NOT NULL DEFAULT '0'
) ENGINE=InnoDB DEFAULT CHARSET=utf8 ROW_FORMAT=COMPACT;

--
-- Dumping data for table `upazilas`
--

INSERT INTO `upazilas` (`id`, `upa_div_id`, `upa_dis_id`, `upa_name_bn`, `upa_name_en`, `upa_bbs_code`, `upa_dglr_code`, `status`) VALUES
(1, 3, 63, 'কালিহাতী', 'KALIHATI', '47', '010101000', 0),
(2, 3, 63, 'দেলদুয়ার', 'DELDUAR', '23', '010102000', 0),
(3, 3, 63, 'নাগরপুর', 'NAGARPUR', '76', '010103000', 0),
(4, 3, 63, 'বাসাইল', 'BASAIL', '09', '010104000', 0),
(5, 3, 63, 'মধুপুর', 'MADHUPUR', '57', '010105000', 0),
(6, 3, 63, 'টাংগাইল সদর', 'TANGAIL SADAR', '95', '010106000', 0),
(7, 3, 63, 'ঘাটাইল', 'GHATAIL', '28', '010107000', 0),
(8, 3, 63, 'ভূয়াপুর', 'BHUAPUR', '19', '010108000', 0),
(9, 3, 63, 'গোপালপুর', 'GOPALPUR', '38', '010109000', 0),
(10, 3, 63, 'মির্জাপুর', 'MIRZAPUR', '66', '010110000', 0),
(11, 3, 63, 'সখিপুর', 'SAKHIPUR', '85', '010111000', 0),
(12, 8, 46, 'কলমাকান্দা', 'KALMAKANDA', '40', '080201000', 0),
(13, 8, 46, 'মদন', 'MADAN', '56', '080202000', 0),
(14, 8, 46, 'আটপাড়া', 'ATPARA', '04', '080203000', 0),
(15, 8, 46, 'বারহাট্টা', 'BARHATTA', '09', '080204000', 0),
(16, 8, 46, 'নেত্রকোনা সদর', 'NETROKONA SADAR', '74', '080205000', 0),
(17, 8, 46, 'দুর্গাপুর', 'DURGAPUR', '18', '080206000', 0),
(18, 8, 46, 'মোহনগঞ্জ', 'MOHANGANJ', '63', '080207000', 0),
(19, 8, 46, 'কেন্দুয়া', 'KENDUA', '47', '080208000', 0),
(20, 8, 46, 'পূর্ব্বধলা', 'PURBADHALA', '83', '080209000', 0),
(21, 8, 46, 'খালিয়াজুরী', 'KHALIAJURI', '38', '080210000', 0),
(22, 8, 39, 'ধোবাউরা', 'DHOBAURA', '16', '080301000', 0),
(23, 8, 39, 'ফুলপুর', 'PHULPUR', '81', '080302000', 0),
(24, 8, 39, 'হালুয়াঘাট', 'HALUAGHAT', '24', '080303000', 0),
(25, 8, 39, 'ঈশ্বরগঞ্জ', 'ISHWARGANJ', '31', '080304000', 0),
(26, 8, 39, 'নান্দাইল', 'NANDAIL', '72', '080305000', 0),
(27, 8, 39, 'মুক্তাগাছা', 'MUKTAGACHHA', '65', '080306000', 0),
(28, 8, 39, 'ত্রিশাল', 'TRISHAL', '94', '080307000', 0),
(29, 8, 39, 'গৌরিপুর', 'GAURIPUR', '23', '080308000', 0),
(30, 8, 39, 'গফরগাঁও', 'GAFFARGAON', '22', '080309000', 0),
(31, 8, 39, 'ফুলবাড়ীয়া', 'FULBARIA', '20', '080310000', 0),
(32, 8, 39, 'ভালুকা', 'BHALUKA', '13', '080311000', 0),
(33, 8, 39, 'কোতয়ালী', NULL, NULL, '080312000', 0),
(34, 3, 28, 'তাড়াইল', 'TARAIL', '92', '010401000', 0),
(35, 3, 28, 'হোসেনপুর', 'HOSSAINPUR', '27', '010402000', 0),
(36, 3, 28, 'কিশোরগঞ্জ', 'KISHOREGANJ SADAR', '49', '010403000', 0),
(37, 3, 28, 'কটিয়াদি', 'KATIADI', '45', '010404000', 0),
(38, 3, 28, 'করিমগঞ্জ', 'KARIMGANJ', '42', '010405000', 0),
(39, 3, 28, 'কুলিয়ার চর', 'KULIAR CHAR', '54', '010406000', 0),
(40, 3, 28, 'ইটনা', 'ITNA', '33', '010407000', 0),
(41, 3, 28, 'ভৈরব', 'BHAIRAB', '11', '010408000', 0),
(42, 3, 28, 'অষ্টগ্রাম', 'AUSTAGRAM', '02', '010409000', 0),
(43, 3, 28, 'পাকুন্দিয়া', 'PAKUNDIA', '79', '010410000', 0),
(44, 3, 28, 'বাজিতপুর', 'BAJITPUR', '06', '010411000', 0),
(45, 3, 28, 'মিঠামইন', 'MITHAMAIN', '59', '010412000', 0),
(46, 3, 28, 'নিকলী', 'NIKLI', '76', '010413000', 0),
(47, 3, 28, 'আটপাড়া', NULL, NULL, '010414000', 0),
(48, 3, 28, 'কোতয়ালী', NULL, NULL, '010415000', 0),
(49, 3, 13, 'মতিঝিল', 'Motijheel\r\n', '54', '010507000', 0),
(50, 3, 13, 'কোতয়ালী', 'Kotwali\r\n', '40', '010504000', 0),
(51, 3, 13, 'ধানমন্ডি', 'Dhanmondi', '16', '010501000', 0),
(52, 3, 13, 'রমনা', 'Ramna', '66', '010512000', 0),
(53, 3, 13, 'লালবাগ', 'Lalbagh', '42', '010506000', 0),
(54, 3, 13, 'মিরপুর', 'Mirpur\r\n', '48', '010503000', 0),
(55, 3, 13, 'পল্লবী', 'Pallabi\r\n', '64', '010514000', 0),
(56, 3, 13, 'মোহাম্মদপুর', 'Mohammadpur\r\n', '50', '010515000', 0),
(57, 3, 13, 'তেজগাঁও', 'TEJGAON UNNAYAN CIRCLE', '04', '010509000', 0),
(58, 3, 13, 'সাভার', 'SAVAR', '72', '010510000', 0),
(59, 3, 13, 'ডেমরা', 'Demra', '12', '010511000', 0),
(60, 3, 13, 'সূত্রাপুর', 'Sutrapur\r\n', '88', '010508000', 0),
(61, 3, 13, 'গুলশান', 'Gulshan\r\n', '26', '010505000', 0),
(62, 3, 13, 'ক্যান্টনমেন্ট', 'CANTONMENT', '8', '010502000', 0),
(63, 3, 13, 'সবুজবাগ', 'Sabujbagh\r\n', '68', '010516000', 0),
(64, 3, 13, 'উত্তরা', 'Uttara\r\n', '95', '010513000', 0),
(65, 3, 13, 'ধামরাই', 'DHAMRAI', '14', '010517000', 0),
(66, 3, 13, 'দোহার', 'DOHAR', '18', '010518000', 0),
(67, 3, 13, 'কেরানীগঞ্জ', 'KERANIGANJ', '38', '010519000', 0),
(68, 3, 13, 'নবাবগঞ্জ', 'NAWABGANJ', '62', '010520000', 0),
(69, 3, 15, 'সদরপুর', 'SADARPUR', '84', '010601000', 0),
(70, 3, 15, 'নগরকান্দা', 'NAGARKANDA', '62', '010602000', 0),
(71, 3, 15, 'ফরিদপুর সদর', 'FARIDPUR SADAR', '47', '010603000', 0),
(72, 3, 15, 'ভাঙ্গা', 'BHANGA', '10', '010604000', 0),
(73, 3, 15, 'মধুখালী', 'MADHUKHALI', '56', '010605000', 0),
(74, 3, 15, 'আলফাডাঙ্গা', 'ALFADANGA', '03', '010606000', 0),
(75, 3, 15, 'বোয়ালমারী', 'BOALMARI', '18', '010607000', 0),
(76, 3, 15, 'চর ভদ্রাসন', 'CHAR BHADRASAN', '21', '010608000', 0),
(77, 3, 15, 'কাশিয়ানী', NULL, NULL, '010609000', 0),
(78, 3, 19, 'মুকসুদপুর', 'MUKSUDPUR', '58', '010701000', 1),
(79, 3, 19, 'কাশিয়ানী', 'KASHIANI', '43', '010702000', 0),
(80, 3, 19, 'গোপালগঞ্জ সদর', 'GOPALGANJ SADAR', '32', '010703000', 1),
(81, 3, 19, 'কোটালীপাড়া', 'KOTALIPARA', '51', '010704000', 0),
(82, 3, 19, 'টুংগীপাড়া', 'TUNGIPARA', '91', '010705000', 0),
(83, 3, 54, 'রাজবাড়ী সদর', 'RAJBARI SADAR', '76', '010801000', 0),
(84, 3, 54, 'বালিয়াকান্দী', 'BALIAKANDI', '07', '010802000', 0),
(85, 3, 54, 'পাংশা', 'PANGSHA', '73', '010803000', 0),
(86, 3, 54, 'গোয়ালন্দ', 'GOALANDA', '29', '010804000', 0),
(87, 3, 33, 'কালকিনি', 'KALKINI', '40', '010901000', 0),
(88, 3, 33, 'মাদারীপুর (সদর)', 'MADARIPUR SADAR', '54', '010902000', 0),
(89, 3, 33, 'শিবচর', 'SHIB CHAR', '87', '010903000', 0),
(90, 3, 33, 'রাজৈর', 'RAJOIR', '80', '010904000', 0),
(91, 8, 22, 'জামালপুর', 'JAMALPUR SADAR', '36', '080101000', 0),
(92, 8, 22, 'মাদারগঞ্জ', 'MADARGANJ', '58', '080102000', 0),
(93, 8, 22, 'মেলান্দহ', 'MELANDAHA', '61', '080103000', 0),
(94, 8, 22, 'বকসীগঞ্জ', 'BAKSHIGANJ', '07', '080104000', 0),
(95, 8, 22, 'দেওয়ানগঞ্জ', 'DEWANGANJ', '15', '080105000', 0),
(96, 8, 22, 'ইসলামপুর', 'ISLAMPUR', '29', '080106000', 0),
(97, 8, 22, 'সরিষাবাড়ী', 'SARISHABARI', '85', '080107000', 0),
(98, 3, 57, 'গোসাইর হাট', 'GOSAIRHAT', '36', '011101000', 0),
(99, 3, 57, 'শরীয়তপুর (সদর)', 'SHARIATPUR SADAR', '69', '011102000', 0),
(100, 3, 57, 'নড়িয়া', 'NARIA', '65', '011103000', 0),
(101, 3, 57, 'ভেদরগঞ্জ', 'BHEDARGANJ', '14', '011104000', 0),
(102, 3, 57, 'জাজিরা', 'ZANJIRA', '94', '011105000', 0),
(103, 3, 57, 'পালং', 'Palong', NULL, '011106000', 0),
(104, 3, 57, 'ডামুড্যা', 'DAMUDYA', '25', '011107000', 0),
(105, 3, 35, 'হরিরামপুর', 'HARIRAMPUR', '28', '011201000', 0),
(106, 3, 35, 'দৌলতপুর', 'DAULATPUR', '10', '011202000', 0),
(107, 3, 35, 'ঘিওর', 'GHIOR', '22', '011203000', 0),
(108, 3, 35, 'মানিকগঞ্জ সদর', 'MANIKGANJ SADAR', '46', '011204000', 0),
(109, 3, 35, 'সাটুরিয়া', 'SATURIA', '70', '011205000', 0),
(110, 3, 35, 'শিবালয়', 'SHIBALAYA', '78', '011206000', 0),
(111, 3, 35, 'সিংগাইর', 'SINGAIR', '82', '011207000', 0),
(112, 3, 43, 'নরসিংদী', 'NARSINGDI SADAR', '60', '011301000', 0),
(113, 3, 43, 'রায়পুরা', 'ROYPURA', '64', '011302000', 0),
(114, 3, 43, 'পলাশ', 'PALASH', '63', '011303000', 0),
(115, 3, 43, 'বেলাব', 'BELABO', '07', '011304000', 0),
(116, 3, 43, 'মনোহরদী', 'MANOHARDI', '52', '011305000', 0),
(117, 3, 43, 'শিবপুর', 'SHIBPUR', '76', '011306000', 0),
(118, 3, 38, 'শ্রীনগর', 'SREENAGAR', '84', '011401000', 0),
(119, 3, 38, 'গজারিয়া', 'GAZARIA', '24', '011402000', 0),
(120, 3, 38, 'লৌহজং', 'Louhajanj', '44', '011403000', 1),
(121, 3, 38, 'মুন্সিগঞ্জ সদর', 'MUNSHIGANJ SADAR', '56', '011404000', 0),
(122, 3, 38, 'সিরাজদিখান', 'Sirajdikhan', '74', '011405000', 1),
(123, 3, 38, 'টংগীবাড়ী', 'Tongibari', '94', '011406000', 1),
(124, 3, 42, 'সোনারগাঁ', 'SONARGAON', '04', '011501000', 0),
(125, 3, 42, 'আড়াইহাজার', 'ARAIHAZAR', '02', '011502000', 0),
(126, 3, 42, 'বন্দর', 'BANDAR', '06', '011503000', 0),
(127, 3, 42, 'নারায়নগঞ্জ সদর', 'NARAYANGANJ SADAR', '58', '011504000', 0),
(128, 3, 42, 'রূপগঞ্জ', 'RUPGANJ', '68', '011505000', 0),
(129, 3, 18, 'গাজীপুর সদর', 'GAZIPUR SADAR', '30', '011601000', 0),
(130, 3, 18, 'কালিয়াকৈর', 'KALIAKAIR', '32', '011602000', 0),
(131, 3, 18, 'কালীগঞ্জ', 'KALIGANJ', '34', '011603000', 0),
(132, 3, 18, 'কাপাসিয়া', 'KAPASIA', '36', '011604000', 0),
(133, 3, 18, 'শ্রীপুর', 'SREEPUR', '86', '011605000', 0),
(134, 3, 18, 'টঙ্গী', NULL, NULL, '011606000', 0),
(135, 8, 60, 'ঝিনাইগাতী', 'JHENAIGATI', '37', '080401000', 0),
(136, 8, 60, 'নকলা', 'NAKLA', '67', '080402000', 0),
(137, 8, 60, 'নালিতাবাড়ী', 'NALITABARI', '70', '080403000', 0),
(138, 8, 60, 'শেরপুর সদর', 'SHERPUR SADAR', '88', '080404000', 0),
(139, 8, 60, 'শ্রীবরদী', 'SREEBARDI', '90', '080405000', 0),
(140, 4, 23, 'চৌগাছা', 'CHAUGACHHA', '11', '020101000', 0),
(141, 4, 23, 'শার্শা', 'SHARSHA', '90', '020102000', 0),
(142, 4, 23, 'বাঘারপাড়া', 'BAGHER PARA', '09', '020103000', 0),
(143, 4, 23, 'যশোহর সদর', 'Jessore Sadar', '47', '020104000', 0),
(144, 4, 23, 'মনিরামপুর', 'MANIRAMPUR', '61', '020105000', 0),
(145, 4, 23, 'কেশবপুর', 'KESHABPUR', '38', '020106000', 0),
(146, 4, 23, 'ঝিকরগাছা', 'JHIKARGACHHA', '23', '020107000', 0),
(147, 4, 23, 'অভয়নগর', 'ABHAYNAGAR', '04', '020108000', 0),
(148, 4, 23, 'কোতয়ালী', NULL, NULL, '020110000', 0),
(149, 4, 34, 'মাগুরা সদর', 'MAGURA SADAR', '57', '020201000', 0),
(150, 4, 34, 'শ্রীপুর', 'SREEPUR', '95', '020202000', 0),
(151, 4, 34, 'সালিখা', 'SHALIKHA', '85', '020203000', 0),
(152, 4, 34, 'মহাম্মদপুর', 'MOHAMMADPUR', '66', '020204000', 0),
(153, 4, 41, 'লোহাগড়া', 'LOHAGARA', '52', '020301000', 0),
(154, 4, 41, 'নড়াইল', 'NARAIL SADAR', '76', '020302000', 0),
(155, 4, 41, 'কালিয়া', 'KALIA', '28', '020303000', 0),
(156, 4, 41, 'নন্দীগ্রাম', NULL, NULL, '020304000', 0),
(157, 4, 25, 'ঝিনাইদহ', NULL, NULL, '020401000', 0),
(158, 4, 25, 'কোটচাঁদপুর', 'KOTCHANDPUR', '42', '020402000', 0),
(159, 4, 25, 'হরিনাকুন্ড', 'HARINAKUNDA', '14', '020403000', 0),
(160, 4, 25, 'শৈলকুপা', 'SHAILKUPA', '80', '020404000', 0),
(161, 4, 25, 'কালিগঞ্জ', 'KALIGANJ', '33', '020405000', 0),
(162, 4, 25, 'মহেশপুর', 'MAHESHPUR', '71', '020406000', 0),
(163, 4, 25, 'ঝিনাইদহ সদর', 'JHENAIDAH SADAR', '19', '020407000', 0),
(164, 4, 58, 'কালিগঞ্জ', 'KALIGANJ', '47', '020501000', 0),
(165, 4, 58, 'দেবহাটা', 'DEBHATA', '25', '020502000', 0),
(166, 4, 58, 'সাতক্ষীরা', 'SATKHIRA SADAR', '82', '020503000', 0),
(167, 4, 58, 'কলারোয়া', 'KALAROA', '43', '020504000', 0),
(168, 4, 58, 'আশাশুনি', 'ASSASUNI', '04', '020505000', 0),
(169, 4, 58, 'শ্যামনগর', 'SHYAMNAGAR', '86', '020506000', 0),
(170, 4, 58, 'তালা', 'TALA', '90', '020507000', 0),
(171, 4, 1, 'মোড়েলগঞ্জ', 'MORRELGANJ', '60', '020601000', 0),
(172, 4, 1, 'রামপাল', 'RAMPAL', '73', '020602000', 0),
(173, 4, 1, 'ফকিরহাট', 'FAKIRHAT', '34', '020603000', 0),
(174, 4, 1, 'মোল্লাহাট', 'MOLLAHAT', '56', '020604000', 0),
(175, 4, 1, 'বাগেরহাট', 'BAGERHAT SADAR', '08', '020605000', 0),
(176, 4, 1, 'শরন খোলা', 'SARANKHOLA', '77', '020606000', 0),
(177, 4, 1, 'চিতলমারী', 'CHITALMARI', '14', '020607000', 0),
(178, 4, 1, 'কচুয়া', 'KACHUA', '38', '020608000', 0),
(179, 4, 1, 'মোংলা', 'MONGLA', '58', '020609000', 0),
(180, 4, 27, 'বটিয়াঘাটা', 'BATIAGHATA', '12', '020701000', 0),
(181, 4, 27, 'ডুমুরিয়া', 'DUMURIA', '30', '020702000', 0),
(182, 4, 27, 'খুলনা সদর', 'Khulna Sadar\r\n', '51', '020706000', 0),
(183, 4, 27, 'কয়রা', 'KOYRA', '53', '020704000', 0),
(184, 4, 27, 'ফুলতলা', 'PHULTALA', '69', '020705000', 0),
(185, 4, 27, 'দৌলতপুর', 'Daulatpur\r\n', '21', '020703000', 0),
(186, 4, 27, 'পাইকগাছা', 'PAIKGACHHA', '64', '020707000', 0),
(187, 4, 27, 'রূপসা', 'RUPSA', '75', '020708000', 0),
(188, 4, 27, 'তেরখাদা', 'TEROKHADA', '94', '020709000', 0),
(189, 4, 27, 'দাকোপ', 'DACOPE', '17', '020710000', 0),
(190, 4, 27, 'দিঘলিয়া', 'DIGHALIA', '40', '020711000', 0),
(191, 4, 27, 'খালিশপুর', 'Khalispur', '45', '020712000', 0),
(192, 4, 27, 'সোনাডাঙ্গা', NULL, '85', '020713000', 0),
(193, 4, 10, 'আলমডাঙ্গা', 'ALAMDANGA', '07', '020801000', 0),
(194, 4, 10, 'চুয়াডাঙ্গা সদর', 'CHUADANGA SADAR', '23', '020802000', 0),
(195, 4, 10, 'দামুরহুদা', 'DAMURHUDA', '31', '020803000', 0),
(196, 4, 10, 'জীবন নগর', 'JIBAN NAGAR', '55', '020804000', 0),
(197, 4, 30, 'ভেড়ামারা', 'BHERAMARA', '15', '020901000', 0),
(198, 4, 30, 'দৌলতপুর', 'DAULATPUR', '39', '020902000', 0),
(199, 4, 30, 'খোকসা', 'KHOKSA', '63', '020903000', 0),
(200, 4, 30, 'কুমারখালী', 'KUMARKHALI', '71', '020904000', 0),
(201, 4, 30, 'কুষ্টিয়া সদর', 'KUSHTIA SADAR', '79', '020905000', 0),
(202, 4, 30, 'মিরপুর', 'MIRPUR', '94', '020906000', 0),
(203, 4, 36, 'গাংনী', 'GANGNI', '47', '021001000', 1),
(204, 4, 36, 'মেহেরপুর সদর', 'MEHERPUR SADAR', '87', '021002000', 1),
(205, 6, 32, 'কালিগঞ্জ', NULL, '39', '070101000', 0),
(206, 6, 32, 'লালমনির হাট', NULL, '55', '070102000', 0),
(207, 6, 32, 'পাটগ্রাম', NULL, '70', '070103000', 0),
(208, 6, 32, 'হাতীবান্ধা', NULL, '33', '070104000', 0),
(209, 6, 32, 'আদিতমারী', NULL, '02', '070105000', 0),
(210, 6, 17, 'গাইবান্ধা সদর', NULL, '24', '070201000', 0),
(211, 6, 17, 'সাদুল্যাপুর', NULL, '82', '070202000', 0),
(212, 6, 17, 'সুন্দরগঞ্জ', NULL, '91', '070203000', 0),
(213, 6, 17, 'গোবিন্দপুর', NULL, '21', '070204000', 0),
(214, 6, 17, 'সাঘাটা', NULL, '88', '070205000', 0),
(215, 6, 17, 'গোবিন্দগঞ্জ', NULL, '30', '070206000', 0),
(216, 6, 17, 'পলাশবাড়ী', NULL, '67', '070207000', 0),
(217, 6, 17, 'ফুলছড়ি', 'FULCHHARI', '21', '070208000', 0),
(218, 6, 56, 'রংপুর সদর', NULL, '49', '070301000', 0),
(219, 6, 56, 'গঙ্গাচড়া', NULL, '27', '070302000', 0),
(220, 6, 56, 'কাউনিয়া', NULL, '42', '070303000', 0),
(221, 6, 56, 'পীরগাছা', NULL, '73', '070304000', 0),
(222, 6, 56, 'মিঠাপুকুর', NULL, '58', '070305000', 0),
(223, 6, 56, 'তারাগঞ্জ', NULL, '92', '070306000', 0),
(224, 6, 56, 'পীরগঞ্জ', NULL, '76', '070307000', 0),
(225, 6, 56, 'বদরগঞ্জ', NULL, '03', '070308000', 0),
(226, 5, 21, 'জয়পুরহাট', 'JOYPURHAT SADAR', '47', '030401000', 0),
(227, 5, 21, 'পাঁচবিবি', 'PANCHBIBI', '74', '030402000', 0),
(228, 5, 21, 'আক্কেলপুর', 'AKKELPUR', '13', '030403000', 0),
(229, 5, 21, 'কালাই', 'KALAI', '58', '030404000', 0),
(230, 5, 21, 'ক্ষেতলাল', 'KHETLAL', '61', '030405000', 0),
(231, 6, 29, 'উলিপুর', NULL, '94', '070501000', 0),
(232, 6, 29, 'কুড়িগ্রাম', NULL, '52', '070502000', 0),
(233, 6, 29, 'নাগেশ্বরী', NULL, '61', '070503000', 0),
(234, 6, 29, 'ফুলবাড়ী', NULL, '18', '070504000', 0),
(235, 6, 29, 'রাজারহাট', NULL, '77', '070505000', 0),
(236, 6, 29, 'চিলমারী', NULL, '09', '070506000', 0),
(237, 6, 29, 'ভূরুঙ্গামারী', NULL, '06', '070507000', 0),
(238, 6, 29, 'রৌমারী', NULL, '79', '070508000', 0),
(239, 6, 29, 'রাজিবপুর', NULL, '08', '070509000', 0),
(240, 5, 6, 'বগুড়া সদর', 'BOGRA SADAR', '20', '030601000', 0),
(241, 5, 6, 'সোনাতলা', 'SONATOLA', '95', '030602000', 0),
(242, 5, 6, 'গাবতলী', 'GABTALI', '40', '030603000', 0),
(243, 5, 6, 'শিবগঞ্জ', 'SHIBGANJ', '94', '030604000', 0),
(244, 5, 6, 'আদমদীঘি', 'ADAMDIGHI', '06', '030605000', 0),
(245, 5, 6, 'নন্দীগ্রাম', 'NANDIGRAM', '67', '030606000', 0),
(246, 5, 6, 'সারিয়াকান্দি', 'SARIAKANDI', '81', '030607000', 0),
(247, 5, 6, 'শেরপুর', 'SHERPUR', '88', '030608000', 0),
(248, 5, 6, 'ধুনট', 'DHUNAT', '27', '030609000', 0),
(249, 5, 6, 'কাহালু', 'KAHALOO', '54', '030610000', 0),
(250, 5, 6, 'দুপচাঁচিয়া', 'DHUPCHANCHIA', '33', '030611000', 0),
(251, 6, 14, 'দিনাজপুর', NULL, '64', '070701000', 0),
(253, 6, 14, 'বিরল', NULL, '17', '070703000', 0),
(255, 6, 14, 'বিরামপুর', NULL, '10', '070705000', 0),
(256, 6, 14, 'বোঁচাগঞ্জ', NULL, '21', '070706000', 0),
(257, 6, 14, 'চিরিরবন্দর', NULL, '30', '070707000', 0),
(258, 6, 14, 'ফুলবাড়ী', NULL, '38', '070708000', 0),
(259, 6, 14, 'ঘোড়াঘাট', NULL, '43', '070709000', 0),
(260, 6, 14, 'হাকিমপুর', NULL, '47', '070710000', 0),
(261, 6, 14, 'কাহারোল', NULL, '56', '070711000', 0),
(262, 6, 14, 'খানসামা', NULL, '60', '070712000', 0),
(263, 6, 14, 'নবাবগঞ্জ', NULL, '69', '070713000', 0),
(264, 6, 14, 'বীরগঞ্জ                   ', NULL, '12', '070702000', 0),
(265, 6, 14, 'পার্বতীপুর               ', NULL, '77', '070704000', 0),
(266, 6, 50, 'পঞ্চগড় সদর', NULL, '73', '070801000', 0),
(267, 6, 50, 'দেবীগঞ্জ', NULL, '34', '070802000', 0),
(268, 6, 50, 'বোদা', NULL, '25', '070803000', 0),
(269, 6, 50, 'তেতুলিয়া', NULL, '90', '070804000', 0),
(270, 6, 50, 'আটোয়ারী', NULL, '04', '070805000', 0),
(271, 6, 47, 'ডোমার', 'Domar', '15', '070601000', 1),
(272, 6, 47, 'জলঢাকা', 'Jaldhaka', '36', '070602000', 1),
(273, 6, 47, 'কিশোরগঞ্জ', 'Kishorganj', '45', '070603000', 1),
(274, 6, 47, 'সৈয়দপুর', 'Syedpur', '85', '070604000', 1),
(275, 6, 47, 'নীলফামারী সদর', 'Nilphamari Sadar', '64', '070605000', 1),
(276, 6, 47, 'ডিমলা', 'Dimla', '12', '070606000', 1),
(277, 5, 59, 'সিরাজগঞ্জ সদর', 'SIRAJGANJ SADAR', '78', '031001000', 0),
(278, 5, 59, 'কাজীপুর', 'KAZIPUR', '50', '031002000', 0),
(279, 5, 59, 'শাহজাদপুর', 'SHAHJADPUR', '67', '031003000', 0),
(280, 5, 59, 'বেলকুচি', 'BELKUCHI', '11', '031004000', 0),
(281, 5, 59, 'উল্লাপাড়া', 'ULLAH PARA', '94', '031005000', 0),
(282, 5, 59, 'রায়গঞ্জ', 'ROYGANJ', '61', '031006000', 0),
(283, 5, 59, 'কামারখন্দ', 'KAMARKHANDA', '44', '031007000', 0),
(284, 5, 59, 'চৌহালী', 'CHAUHALI', '27', '031008000', 0),
(285, 5, 59, 'তারাশ', 'TARASH', '89', '031009000', 0),
(286, 5, 49, 'পাবনা সদর', 'PABNA SADAR', '55', '031101000', 0),
(287, 5, 49, 'চাট মোহর', 'CHATMOHAR', '22', '031102000', 0),
(288, 5, 49, 'আটঘরিয়া', 'ATGHARIA', '05', '031103000', 0),
(289, 5, 49, 'সুজানগর', 'SUJANAGAR', '83', '031104000', 0),
(290, 5, 49, 'সাথিয়া', 'SANTHIA', '72', '031105000', 0),
(291, 5, 49, 'ঈশ্বরদী', 'ISHWARDI', '39', '031106000', 0),
(292, 5, 49, 'ফরিদপুর', 'FARIDPUR', '33', '031107000', 0),
(293, 5, 49, 'বেড়া', 'BERA', '16', '031108000', 0),
(294, 5, 49, 'ভাঙ্গুরা', 'BHANGURA', '19', '031109000', 0),
(295, 6, 64, 'ঠাকুরগাঁও সদর', NULL, '94', '070401000', 0),
(296, 6, 64, 'রানীসংকৈল', NULL, '86', '070402000', 0),
(297, 6, 64, 'পীরগঞ্জ', NULL, '82', '070403000', 0),
(298, 6, 64, 'হরিপুর', NULL, '51', '070404000', 0),
(299, 6, 64, 'বালিয়াডাঙ্গা', NULL, '08', '070405000', 0),
(300, 5, 40, 'আত্রাই', 'ATRAI', '03', '031301000', 0),
(301, 5, 40, 'সাপাহার', 'SAPAHAR', '86', '031302000', 0),
(302, 5, 40, 'বদলগাছী', 'BADALGACHHI', '06', '031303000', 0),
(303, 5, 40, 'ধামইরহাট', 'DHAMOIRHAT', '28', '031304000', 0),
(304, 5, 40, 'মান্ডা', 'MANDA', '47', '031305000', 0),
(305, 5, 40, 'মহাদেবপুর', 'MAHADEBPUR', '50', '031306000', 0),
(306, 5, 40, 'নওগাঁ সদর', 'NAOGAON SADAR', '60', '031307000', 0),
(307, 5, 40, 'নিয়ামতপুর', 'NIAMATPUR', '69', '031308000', 0),
(308, 5, 40, 'পাটনিতলা', 'PATNITALA', '75', '031309000', 0),
(309, 5, 40, 'রানীনগর', 'RANINAGAR', '85', '031310000', 0),
(310, 5, 40, 'পোরশা', 'PORSHA', '79', '031311000', 0),
(311, 5, 44, 'বাঘাতীপাড়া', 'BAGATIPARA', '09', '031401000', 0),
(312, 5, 44, 'গুরুদাসপুর', 'GURUDASPUR', '41', '031402000', 0),
(313, 5, 44, 'বরইগ্রাম', 'BARAIGRAM', '15', '031403000', 0),
(314, 5, 44, 'নাটোর সদর', 'NATORE SADAR', '63', '031404000', 0),
(315, 5, 44, 'সিংরা', 'SINGRA', '91', '031405000', 0),
(316, 5, 44, 'লালপুর', 'LALPUR', '44', '031406000', 0),
(317, 5, 53, 'পবা', 'PABA', '72', '031501000', 0),
(318, 5, 53, 'বাঘা', 'BAGHA', '10', '031502000', 0),
(319, 5, 53, 'বাগমারা', 'BAGHMARA', '12', '031503000', 0),
(320, 5, 53, 'বোয়ালিয়া', NULL, '22', '031504000', 0),
(321, 5, 53, 'চারঘাট', 'CHARGHAT', '25', '031505000', 0),
(322, 5, 53, 'গোদাগাড়ী', 'GODAGARI', '34', '031506000', 0),
(323, 5, 53, 'মোহনপুর', 'MOHANPUR', '53', '031507000', 0),
(324, 5, 53, 'পুটিয়া', 'PUTHIA', '82', '031508000', 0),
(325, 5, 53, 'তানোর', 'TANORE', '94', '031509000', 0),
(326, 5, 53, 'দূর্গাপুর', 'DURGAPUR', '31', '031510000', 0),
(327, 5, 45, 'চাঁপাইনবাবগঞ্জ সদর', 'CHAPAI NABABGANJ SADAR', '66', '031601000', 0),
(328, 5, 45, 'শীবগঞ্জ', 'SHIBGANJ', '88', '031602000', 0),
(329, 5, 45, 'নাচোল', 'NACHOLE', '56', '031603000', 0),
(330, 5, 45, 'গোমস্তপুর', 'GOMASTAPUR', '37', '031604000', 0),
(331, 5, 45, 'ভোলাহাট', 'BHOLAHAT', '18', '031605000', 0),
(332, 2, 11, 'নাঙ্গলকোট', 'NANGALKOT', '87', '040101000', 1),
(333, 2, 11, 'বুড়িচং', 'BURICHANG', '18', '040102000', 0),
(334, 2, 11, 'দেবিদ্বার', 'DEBIDWAR', '40', '040103000', 0),
(335, 2, 11, 'মুরাদনগর', 'MURADNAGAR', '81', '040104000', 0),
(336, 2, 11, 'লাকসাম', 'LAKSAM', '72', '040105000', 0),
(337, 2, 11, 'চান্দিনা', 'CHANDINA', '27', '040106000', 0),
(338, 2, 11, 'ব্রাহ্মনপাড়া', 'BRAHMAN PARA', '15', '040107000', 0),
(339, 2, 11, 'কুমিল্লা সদর', 'COMILLA SADAR', '33', '040108000', 0),
(340, 2, 11, 'বরুড়া', 'BARURA', '09', '040109000', 0),
(341, 2, 11, 'দাউদকান্দি', 'DAUDKANDI', '36', '040110000', 0),
(342, 2, 11, 'হোমনা', 'HOMNA', '54', '040111000', 0),
(343, 2, 11, 'চৌদ্দগ্রাম', 'CHAUDDAGRAM', '31', '040112000', 0),
(344, 2, 7, 'সরাইল', 'SARAIL', '94', '040201000', 0),
(345, 2, 7, 'নাছিরনগর', 'NASIRNAGAR', '90', '040202000', 0),
(346, 2, 7, 'বাঞ্ছারামপুর', 'BANCHHARAMPUR', '04', '040203000', 0),
(347, 2, 7, 'নবীনগর', 'NABINAGAR', '85', '040204000', 0),
(348, 2, 7, 'ব্রাহ্মনবাড়ীয়া সদর', 'BRAHMANBARIA SADAR', '13', '040205000', 0),
(349, 2, 7, 'কসবা', 'KASBA', '63', '040206000', 0),
(350, 2, 7, 'আখাউড়া', 'AKHAURA', '02', '040207000', 0),
(351, 2, 8, 'শাহরাস্তি', 'SHAHRASTI', '95', '040301000', 0),
(352, 2, 8, 'কচুয়া', 'KACHUA', '58', '040302000', 0),
(353, 2, 8, 'ফরিদগঞ্জ', 'FARIDGANJ', '45', '040303000', 0),
(354, 2, 8, 'মতলব', 'MATLAB DAKSHIN', '76', '040304000', 0),
(355, 2, 8, 'হাইমচর', 'HAIM CHAR', '47', '040305000', 0),
(356, 2, 8, 'হাজীগঞ্জ', 'HAJIGANJ', '49', '040306000', 0),
(357, 2, 8, 'চাঁদপুর সদর', 'CHANDPUR SADAR', '22', '040307000', 0),
(358, 2, 16, 'ফেণী (সদর)', 'FENI SADAR', '29', '040401000', 0),
(359, 2, 16, 'ছাগলনাইয়া', 'CHHAGALNAIYA', '14', '040402000', 0),
(360, 2, 16, 'সোনাগাজী', 'SONAGAZI', '94', '040403000', 0),
(361, 2, 16, 'দাগনভূঞা', 'DAGANBHUIYAN', '25', '040404000', 0),
(362, 2, 16, 'ফুলগাজী', 'FULGAZI', '41', '040405000', 0),
(363, 2, 16, 'পরশুরাম', 'PARSHURAM', '51', '040406000', 0),
(364, 2, 31, 'লক্ষীপুর (সদর)', 'LAKSHMIPUR SADAR', '43', '040501000', 0),
(365, 2, 31, 'রামগতি', 'RAMGATI', '73', '040502000', 0),
(366, 2, 31, 'রায়পুর', 'ROYPUR', '58', '040503000', 0),
(367, 2, 31, 'রামগঞ্জ', 'RAMGANJ', '65', '040504000', 0),
(368, 2, 48, 'চাটখিল', 'CHATKHIL', '10', '040601000', 0),
(369, 2, 48, 'সোনাইমুড়ী', 'Sonaimuri', NULL, '040602000', 1),
(370, 2, 48, 'সুবর্ণচর', 'Subarnochar', NULL, '040603000', 1),
(371, 2, 48, 'সেনবাগ', 'SENBAGH', '80', '040604000', 0),
(372, 2, 48, 'বেগমগঞ্জ', 'BEGUMGANJ', '07', '040605000', 0),
(373, 2, 48, 'হাতিয়া', 'HATIYA', '36', '040606000', 0),
(374, 2, 48, 'কোম্পানীগঞ্জ', 'COMPANIGANJ', '21', '040607000', 0),
(375, 2, 48, 'কবিরহাট', 'Kabirhat', NULL, '040608000', 1),
(376, 2, 48, 'নোয়াখালী সদর', 'NOAKHALI SADAR', '87', '040609000', 0),
(377, 2, 12, 'মহেশখালী', 'Maheshkhali', '49', '040701000', 1),
(378, 2, 12, 'চকরিয়া', 'Chakaria', '16', '040702000', 1),
(379, 2, 12, 'কুতুবদিয়া', 'Kutubdia', '45', '040703000', 0),
(380, 2, 12, 'রামু', 'Ramu', '66', '040704000', 1),
(381, 2, 12, 'উখিয়া', 'Ukhia', '94', '040705000', 1),
(382, 2, 12, 'টেকনাফ', 'Teknaf', '90', '040706000', 1),
(383, 2, 12, 'কক্সবাজার সদর', 'Cox\'s Bazar Sadar', '24', '040707000', 1),
(384, 2, 2, 'থানচি', 'THANCHI', '95', '040801000', 0),
(385, 2, 2, 'রুমা', 'RUMA', '91', '040802000', 0),
(386, 2, 2, 'রোয়াংছড়ি', 'ROWANGCHHARI', '89', '040803000', 0),
(387, 2, 2, 'নাইক্ষংছড়ি', 'NAIKHONGCHHARI', '73', '040804000', 0),
(388, 2, 2, 'লামা', 'LAMA', '51', '040805000', 0),
(389, 2, 2, 'বান্দরবন সদর', 'BANDARBAN SADAR', '14', '040806000', 0),
(390, 2, 2, 'আলীকদম', 'ALIKADAM', '04', '040807000', 0),
(391, 2, 9, 'পটিয়া', 'PATIYA', '61', '040901000', 0),
(392, 2, 9, 'মিরসরাই', 'MIRSHARAI', '53', '040902000', 0),
(393, 2, 9, 'রাঙ্গুনিয়া', 'RANGUNIA', '70', '040903000', 0),
(394, 2, 9, 'রাউজান', 'RAOZAN', '74', '040904000', 0),
(395, 2, 9, 'সন্দ্বীপ', 'SANDWIP', '78', '040905000', 0),
(396, 2, 9, 'সাতকানিয়া', 'SATKANIA', '82', '040906000', 0),
(397, 2, 9, 'ফটিকছড়ি', 'FATIKCHHARI', '33', '040907000', 0),
(398, 2, 9, 'সীতাকুন্ড', 'SITAKUNDA', '86', '040908000', 0),
(399, 2, 9, 'কোতয়ালী', 'KOTWALI', '41', '040909000', 0),
(400, 2, 9, 'হাটহাজারী', 'HATHAZARI', '37', '040910000', 0),
(401, 2, 9, 'লোহাগড়া', 'LOHAGARA', '47', '040911000', 0),
(402, 2, 9, 'পাঞ্চলাইশ', 'PANCHLAISH', '57', '040912000', 0),
(403, 2, 9, 'পাহারতলী', 'PAHARTALI', '55', '040913000', 0),
(404, 2, 9, 'ডবলমুরিং', 'DOUBLE MOORING', '28', '040914000', 0),
(405, 2, 9, 'চট্টগ্রাম বন্দর', 'CHITTAGONG PORT', '20', '040915000', 0),
(406, 2, 9, 'চান্দনাইশ', 'CHANDANAISH', '18', '040916000', 0),
(407, 2, 9, 'বোয়ালখালী', 'BOALKHALI', '12', '040917000', 0),
(408, 2, 9, 'বংশখালী', 'BANSHKHALI', '08', '040918000', 0),
(409, 2, 9, 'আনোয়ারা', 'ANOWARA', '04', '040919000', 0),
(410, 2, 9, 'চান্দগাঁও', 'Chandgaon\r\n', '19', '040920000', 0),
(411, 2, 26, 'দিঘীনালা', 'DIGHINALA', '43', '041001000', 0),
(412, 2, 26, 'খাগড়াছড়ি সদর', 'KHAGRACHHARI SADAR', '49', '041002000', 0),
(413, 2, 26, 'লক্ষিছড়ি', 'LAKSHMICHHARI', '61', '041003000', 0),
(414, 2, 26, 'মহালছড়ি', 'MAHALCHHARI', '65', '041004000', 0),
(415, 2, 26, 'মানিকছড়ি', 'MANIKCHHARI', '67', '041005000', 0),
(416, 2, 26, 'মাটিরাঙ্গা', 'MATIRANGA', '70', '041006000', 0),
(417, 2, 26, 'পানছড়ি', 'PANCHHARI', '77', '041007000', 0),
(418, 2, 26, 'রামগড়', 'RAMGARH', '80', '041008000', 0),
(419, 2, 55, 'বাঘাইছড়ি', 'BAGHAICHHARI', '07', '041101000', 0),
(420, 2, 55, 'বরকল', 'BARKAL UPAZILA', '21', '041102000', 0),
(421, 2, 55, 'কাউখালী', 'KAWKHALI (BETBUNIA)', '25', '041103000', 0),
(422, 2, 55, 'বিলাইছড়ি', 'BELAI CHHARI  UPAZI', '29', '041104000', 0),
(423, 2, 55, 'কাপ্তাই', 'KAPTAI  UPAZILA', '36', '041105000', 0),
(424, 2, 55, 'জুরাইছড়ি', 'JURAI CHHARI UPAZIL', '47', '041106000', 0),
(425, 2, 55, 'ল্যাংগাদু', 'LANGADU  UPAZILA', '58', '041107000', 0),
(426, 2, 55, 'নানেরচর', 'NANIARCHAR  UPAZILA', '75', '041108000', 0),
(427, 2, 55, 'রাজস্থালী', 'RAJASTHALI  UPAZILA', '78', '041109000', 0),
(428, 2, 55, 'রাঙ্গামাটি সদর', 'RANGAMATI SADAR', '87', '041110000', 0),
(429, 7, 62, 'বালাগঞ্জ', 'BALAGANJ', '08', '050101000', 0),
(430, 7, 62, 'গোয়াইন ঘাট', 'GOWAINGHAT', '41', '050102000', 0),
(431, 7, 62, 'বিশ্বনাথ', 'BISHWANATH', '20', '050103000', 0),
(432, 7, 62, 'কানাইঘাট', 'KANAIGHAT', '59', '050104000', 0),
(433, 7, 62, 'জৈন্তাপুর', 'JAINTIAPUR', '53', '050105000', 0),
(434, 7, 62, 'ফেঞ্চুগঞ্জ', 'FENCHUGANJ', '35', '050106000', 0),
(435, 7, 62, 'বিয়ানীবাজার', 'BEANI BAZAR', '17', '050107000', 0),
(436, 7, 62, 'কোম্পানীগঞ্জ', 'COMPANIGANJ', '27', '050108000', 0),
(437, 7, 62, 'সিলেট সদর', 'SYLHET SADAR', '62', '050109000', 0),
(438, 7, 20, 'লাখাই', 'LAKHAI', '68', '050201000', 0),
(439, 7, 20, 'হবিগঞ্জ সদর', 'HABIGANJ SADAR', '44', '050202000', 0),
(440, 7, 20, 'বানিয়াচং', 'BANIACHONG', '11', '050203000', 0),
(441, 7, 20, 'নবীগঞ্জ', 'NABIGANJ', '77', '050204000', 0),
(442, 7, 20, 'আজমিরীগঞ্জ', 'AJMIRIGANJ', '02', '050205000', 0),
(443, 7, 61, 'জামালগঞ্জ', 'JAMALGANJ', '50', '050301000', 0),
(444, 7, 61, 'ছাতক', 'CHHATAK', '23', '050302000', 0),
(445, 7, 61, 'তাহিরপুর', 'TAHIRPUR', '92', '050303000', 0),
(446, 7, 61, 'দিরাই', 'DERAI', '29', '050304000', 0),
(447, 7, 61, 'ধর্মপাশা', 'DHARAMPASHA', '32', '050305000', 0),
(448, 7, 61, 'জগন্নাথপুর', 'JAGANNATHPUR', '47', '050306000', 0),
(449, 7, 61, 'সুনামগঞ্জ সদর', 'SUNAMGANJ SADAR', '89', '050307000', 0),
(450, 7, 61, 'মধ্যনগর', NULL, NULL, '050308000', 0),
(451, 7, 37, 'রাজনগর', 'RAJNAGAR', '80', '050401000', 0),
(452, 7, 37, 'শ্রীমঙ্গল', 'SREEMANGAL', '83', '050402000', 0),
(453, 7, 37, 'বড়লেখা', 'BARLEKHA', '14', '050403000', 0),
(454, 7, 37, 'মৌলভীবাজার সদর', 'MAULVIBAZAR SADAR', '74', '050404000', 0),
(455, 7, 37, 'কমলগঞ্জ', 'KAMALGANJ', '56', '050405000', 0),
(456, 7, 37, 'জুড়ি', 'JURI', '35', '050406000', 0),
(457, 1, 52, 'নেছারাবাদ', 'NESARABAD (SWARUPKATI)', '87', '060101000', 0),
(458, 1, 52, 'পিরোজপুর সদর', 'PIROJPUR SADAR', '80', '060102000', 0),
(459, 1, 52, 'কাউখালী', 'KAWKHALI', '47', '060103000', 0),
(460, 1, 52, 'জিয়ানগর', 'ZIANAGAR', '90', '060104000', 0),
(461, 1, 52, 'ভান্ডারিয়া', 'BHANDARIA', '14', '060105000', 0),
(462, 1, 52, 'নাজিরপুর', 'NAZIRPUR UPAZILA', '76', '060106000', 0),
(463, 1, 52, 'মঠবাড়ীয়া', 'MATHBARIA', '58', '060107000', 0),
(464, 1, 4, 'মেহেন্দিগঞ্জ', 'MHENDIGANJ', '62', '060201000', 0),
(465, 1, 4, 'বাবুগঞ্জ', 'BABUGANJ', '03', '060202000', 0),
(466, 1, 4, 'গৌরনদী', 'GAURNADI', '32', '060203000', 0),
(467, 1, 4, 'বরিশাল সদর', 'BARISAL SADAR (KOTWALI)', '51', '060205000', 0),
(468, 1, 4, 'বাকেরগঞ্জ', 'BAKERGANJ', '07', '060206000', 0),
(469, 1, 4, 'মূলাদী', 'MULADI', '69', '060207000', 0),
(470, 1, 4, 'হিজলা', 'HIZLA', '36', '060208000', 0),
(471, 1, 4, 'আগৈলঝারা', 'AGAILJHARA', '02', '060209000', 0),
(472, 1, 4, 'বানারীপাড়া', 'BANARI PARA', '10', '060210000', 0),
(473, 1, 4, 'উজিরপুর', 'WAZIRPUR', '94', '060211000', 0),
(474, 1, 3, 'পাথরঘাটা', 'PATHARGHATA', '85', '060301000', 0),
(475, 1, 3, 'বরগুনা সদর', 'BARGUNA SADAR', '28', '060302000', 0),
(476, 1, 3, 'আমতলী', 'AMTALI', '09', '060303000', 0),
(477, 1, 3, 'বামনা', 'BAMNA', '19', '060304000', 0),
(478, 1, 3, 'বেতাগী', 'BETAGI', '47', '060305000', 0),
(479, 1, 51, 'পটুয়াখালী সদর', 'PATUAKHALI SADAR', '95', '060401000', 0),
(480, 1, 51, 'গলাচিপা', 'GALACHIPA', '57', '060402000', 0),
(481, 1, 51, 'কলাপাড়া', 'KALA PARA', '66', '060403000', 0),
(482, 1, 51, 'বাউফল', 'BAUPHAL', '38', '060404000', 0),
(483, 1, 51, 'দশমিনা', 'DASHMINA', '52', '060405000', 0),
(484, 1, 51, 'মির্জাগঞ্জ', 'MIRZAGANJ UPAZILA', '76', '060406000', 0),
(485, 1, 51, 'দুমকী', 'DUMKI UPAZILA', '55', '060407000', 0),
(486, 1, 5, 'ভোলা সদর', 'BHOLA SADAR', '18', '060501000', 0),
(487, 1, 5, 'বোরহানউদ্দিন', 'BURHANUDDIN', '21', '060502000', 0),
(488, 1, 5, 'চরফ্যাশন', 'CHAR FASSON', '25', '060503000', 0),
(489, 1, 5, 'লালমোহন', 'LALMOHAN', '54', '060504000', 0),
(490, 1, 5, 'দৌলতখান', 'DAULAT KHAN', '29', '060505000', 0),
(491, 1, 5, 'মনপুরা', 'MANPURA', '65', '060506000', 0),
(492, 1, 5, 'তজুমদ্দিন', 'TAZUMUDDIN', '91', '060507000', 0),
(493, 1, 24, 'রাজাপুর', 'RAJAPUR', '84', '060601000', 0),
(494, 1, 24, 'ঝালকাঠী সদর', 'JHALOKATI SADAR', '40', '060602000', 0),
(495, 1, 24, 'নলছিটি', 'NALCHITY', '73', '060603000', 0),
(496, 1, 24, 'কাঠালিয়া', 'KANTHALIA', '43', '060604000', 0),
(497, 7, 62, 'জকিগঞ্জ                   ', 'JOKIGANJ', '94', '050112000', 0),
(498, 7, 62, 'দক্ষিণ সুরমা              ', 'DAKSHIN SURMA', '31', '050111000', 0),
(499, 7, 62, 'গোলাপগঞ্জ                ', 'GOLAPGANJ', '38', '050110000', 0),
(500, 7, 61, 'শাল্লা                    ', 'Sulla\r\n', '86', '050309000', 0),
(501, 7, 61, 'দোয়ারাবাজার            ', 'Dowarabazar\r\n', '33', '050312000', 0),
(502, 7, 61, 'বিশ্বম্ভরপুর               ', 'Bishwambarpur\r\n', '18', '050311000', 0),
(503, 7, 61, 'দক্ষিণ সুনামগঞ্জ            ', 'Dakshin Sunamganj\r\n', '27', '050310000', 0),
(504, 7, 20, 'চুনারুঘাট               ', 'Chunarughat\r\n', '26', '050207000', 0),
(505, 7, 20, 'বাহুবল                   ', 'Bahubal\r\n', '05', '050206000', 0),
(506, 7, 20, 'মাধবপুর                 ', 'Madhabpur\r\n', '71', '050208000', 0),
(507, 7, 37, 'কুলাউড়া                 ', 'Kulaura\r\n', '65', '050407000', 0),
(508, NULL, 45, 'নবাবগঞ্জ                  ', NULL, NULL, '031606000', 0),
(509, NULL, NULL, 'বাবুগঞ্জ                                  ', NULL, NULL, '060701000', 0),
(510, NULL, NULL, 'গৌরনদী                                 ', NULL, NULL, '060703000', 0),
(511, NULL, NULL, 'মেহেন্দিগঞ্জ                               ', NULL, NULL, '060702000', 0),
(512, 4, 36, 'মুজিবনগর', 'MOJIBNAGAR', NULL, NULL, 1),
(513, 2, 11, 'তিতাস', 'Titas', NULL, NULL, 0),
(514, 2, 11, 'মেঘনা', 'MEGNA', NULL, NULL, 0),
(515, 2, 11, 'লালমাই', 'LALMAI', NULL, NULL, 0),
(516, 2, 11, 'সদর দক্ষিণ', 'SADAR DOKHIN', NULL, NULL, 0),
(517, 2, 9, 'মনোহরগঞ্জ', 'MANOHORGONJ', NULL, NULL, 0),
(518, 2, 11, 'মনোহরগঞ্জ', 'MANOHORGONJ', NULL, NULL, 0),
(519, 3, 28, 'কিশোরগঞ্জ সদর', 'Kishorgonj Sadar', NULL, NULL, 0),
(520, 2, 12, 'পেকুয়া', 'Pekua', NULL, NULL, 1);

-- --------------------------------------------------------

--
-- Table structure for table `users`
--

CREATE TABLE `users` (
  `id` int(11) UNSIGNED NOT NULL,
  `day_care_id` int(11) DEFAULT NULL,
  `ip_address` varchar(45) NOT NULL,
  `username` varchar(100) DEFAULT NULL,
  `email` varchar(100) NOT NULL,
  `password` varchar(255) NOT NULL,
  `first_name` varchar(50) DEFAULT NULL,
  `last_name` varchar(50) DEFAULT NULL,
  `phone` varchar(20) DEFAULT NULL,
  `gender` enum('Male','Female') DEFAULT NULL,
  `salt` varchar(255) DEFAULT NULL,
  `activation_code` varchar(40) DEFAULT NULL,
  `forgotten_password_code` varchar(40) DEFAULT NULL,
  `forgotten_password_time` int(11) UNSIGNED DEFAULT NULL,
  `remember_code` varchar(40) DEFAULT NULL,
  `created_on` int(11) UNSIGNED NOT NULL,
  `last_login` int(11) UNSIGNED DEFAULT NULL,
  `active` tinyint(1) UNSIGNED DEFAULT NULL,
  `company` varchar(100) DEFAULT NULL
) ENGINE=InnoDB DEFAULT CHARSET=utf8;

--
-- Dumping data for table `users`
--

INSERT INTO `users` (`id`, `day_care_id`, `ip_address`, `username`, `email`, `password`, `first_name`, `last_name`, `phone`, `gender`, `salt`, `activation_code`, `forgotten_password_code`, `forgotten_password_time`, `remember_code`, `created_on`, `last_login`, `active`, `company`) VALUES
(1, NULL, '127.0.0.1', 'superadmin', 'admin@admin.com', '$2y$08$q6VCSiXe5qMTtlVu2WHm0OezAEH5H0LDgVAmZROqo9KOCImIQqb4C', 'Super', 'Admin', '01923405632', NULL, '', '', NULL, NULL, 'UKvP0KbZGoXs/EILZOks9.', 1496699848, 1615817842, 1, NULL),
(4, NULL, '::1', 'mostafa.csit@gmail.com', 'mostafa.csit@gmail.com', '$2y$08$lNymcMnrj39073RLH49yNe/PhANZzvmyklstkHu4f16dNcrEQg/FO', 'Ataul', 'Mostafa', '01923405632', NULL, NULL, NULL, NULL, NULL, NULL, 1502622274, 1613381292, 1, NULL),
(7, 1, '::1', 'dc_dhanmondi', '', '$2y$08$G3X/D6jUJOxwkmC7cp4cPO4b/qSz9UIoJfmggLRKw1KXJyKLKPhCS', 'Dhanmondi', 'Daycare', '', NULL, NULL, NULL, NULL, NULL, NULL, 1578983843, 1613624643, 1, NULL),
(8, 2, '::1', 'dc_motijheel', '', '$2y$08$XwTWPuNtcQcbVjaN38muYeaaKfOLtbJ1t0mUJNwTySTq5XwPvabji', 'Motijheel', 'Daycare', '', NULL, NULL, NULL, NULL, NULL, NULL, 1578984142, NULL, 1, NULL),
(9, 3, '::1', 'dc_rayerbazar', '', '$2y$08$kTiD8r31VJYgIioXALIfm.0njsIWCpRhpWHmJJkE4bqPJoAXb2c1G', 'Rayerbazar', 'Daycare', '', NULL, NULL, NULL, NULL, NULL, NULL, 1578984185, NULL, 1, NULL),
(10, 4, '::1', 'dc_kamalapur', '', '$2y$08$jDL9ZLKpjo1IsxXG0ZIPm.VFexmcU4v88/pJI.TA8dUlVoKbM9y6a', 'Kamalapur', 'Daycare', '', NULL, NULL, NULL, NULL, NULL, NULL, 1578984214, NULL, 1, NULL),
(11, 5, '::1', 'dc_mugda', '', '$2y$08$mUJGnPuxMEi6alU/svTWjOkweIK2sM./yhaqNt0ISxK5Qvytqozni', 'Mugda', 'Daycare', '', NULL, NULL, NULL, NULL, NULL, NULL, 1578984240, NULL, 1, NULL),
(12, 6, '::1', 'dc_pallabi', '', '$2y$08$Mw/CGRHvYLi1/qhfw7kH/OjW8200b6aYSi2bdbB0CXKY64iWGZ4Oa', 'Pallabi', 'Daycare', '', NULL, NULL, NULL, NULL, NULL, NULL, 1578984291, NULL, 1, NULL),
(13, 7, '::1', 'dc_sayedabad', '', '$2y$08$G/yhiihUmpaaHL0tqdDO3.TaIq2vdFOFHY8W9MzMlmGc4FpUNt.Yq', 'Sayedabad', 'Daycare', '', NULL, NULL, NULL, NULL, NULL, NULL, 1578984321, NULL, 1, NULL),
(14, 8, '::1', 'dc_mohakhali', '', '$2y$08$crhj8ccZumn53Ut0ow0h8OLAD0s926MxiKTpR6mlga064g51Dv/g6', 'Mohakhali', 'Daycare', '', NULL, NULL, NULL, NULL, NULL, NULL, 1578984349, NULL, 1, NULL),
(15, 9, '::1', 'dc_palashbari', '', '$2y$08$bveKDcLIBuBh180q9bE52OpqncqxW.97ZY2xNXcQVp7/RyFwt5aOa', 'Palashbari', 'Daycare', '', NULL, NULL, NULL, NULL, NULL, NULL, 1578984382, NULL, 1, NULL),
(16, 10, '::1', 'dc_rangpur', '', '$2y$08$PblplkFQQJtRm2GYI4FJQemCKhfgRrzUTbW4sO5rCf5CDwlkbjofe', 'Rangpur', 'Daycare', '', NULL, NULL, NULL, NULL, NULL, NULL, 1578984415, NULL, 1, NULL),
(17, 11, '::1', 'dc_gopalganj', '', '$2y$08$zVKNVENpcJFlT8GEtj1tj.4hcOe28n6G70jHlSO3kOSbsA6b7YqUK', 'Gopalganj', 'Daycare', '', NULL, NULL, NULL, NULL, NULL, NULL, 1578984546, NULL, 1, NULL),
(18, 12, '::1', 'dc_gazipur', '', '$2y$08$czaUDSXYE1ShwyQUuRYmc.yxBqeVoRrmb2Q4qLWVU2ZdEP5ZSsYA6', 'Gazipur', 'Daycare', '', NULL, NULL, NULL, NULL, NULL, NULL, 1578984575, NULL, 1, NULL),
(19, 13, '::1', 'dc_coxsbazar', '', '$2y$08$N7gZKl7pCStp5AA3QlGhqOv8e3BMnaFLh/a6pjdZfk7gCeXSrXg2W', 'Coxsbazar', 'Daycare', '', NULL, NULL, NULL, NULL, NULL, NULL, 1578984606, NULL, 1, NULL),
(20, 14, '::1', 'dc_naogaon', '', '$2y$08$WxQXom3dtJzcaQT.BYJAse8t/I.UFC4Prbhv.w2fAVe66/tUABKp6', 'Naogaon', 'Daycare', '', NULL, NULL, NULL, NULL, NULL, NULL, 1578984641, NULL, 1, NULL),
(21, 15, '::1', 'dc_gaibandha', '', '$2y$08$cEfmhYAFqqATYQkmFej/m.mdtHvz470nQO82kIuK/eLe7PugvHti2', 'Gaibandha', 'Daycare', '', NULL, NULL, NULL, NULL, NULL, NULL, 1578984694, NULL, 1, NULL),
(22, 16, '::1', 'dc_bhola', '', '$2y$08$Ke4qyOmO0REpHQ5oA4q4/eC4raKfPs.qiO6hxybHpHpiIN3IoYwLu', 'Bhola', 'Daycare', '', NULL, NULL, NULL, NULL, NULL, NULL, 1578984738, NULL, 1, NULL),
(23, 17, '::1', 'dc_tangail', '', '$2y$08$VnUJtmyL3vvVxrcUDOzA/u7mEjUg.s8xJTGEvnjpxTyRXeceQff4i', 'Tangail', 'Daycare', '', NULL, NULL, NULL, NULL, NULL, NULL, 1578984769, 1579674967, 1, NULL),
(24, 18, '::1', 'dc_noakhali', '', '$2y$08$X8ezaffffbyu/a30DWUMEuFMNLCYYSAfL5jrhXp/srXgu4PVK6wpe', 'Noakhali', 'Daycare', '', NULL, NULL, NULL, NULL, NULL, NULL, 1578984801, NULL, 1, NULL),
(25, 19, '::1', 'dc_chandpur', '', '$2y$08$83bqvteVEn6BUkkcfEB1pOX6PSkyoFoPowqjhhztdVIII7OEKnErm', 'Chandpur', 'Daycare', '', NULL, NULL, NULL, NULL, NULL, NULL, 1578984915, NULL, 1, NULL),
(27, NULL, '::1', 'mostafa@gmail.com', '', '$2y$08$hmkhMa80fdfcfpVxF.3Yxe7mIl3yh6FfeRBlfSePwRsG27ZVtjjy2', 'আতাউল', 'মোস্তাফা', '01813291011', 'Male', NULL, NULL, NULL, NULL, NULL, 1579088488, 1613368012, 1, NULL),
(28, NULL, '::1', 'my@dsfkljs.com', '', '$2y$08$xscF3HEKHeQDMeT00IO4be93SgEqAd8QrpbQIUIw4lTf8S2Qw2VTa', 'যিয়েড', 'উডডিন', '01977450000', 'Male', NULL, NULL, NULL, NULL, NULL, 1579151354, NULL, 1, NULL),
(29, NULL, '::1', 'my@gmail.com', '', '$2y$08$G9ui867I4yd5SQ6Sk.FiEeTU5lTNaxs3DqGKULHrqEDIbhgd1sSdW', 'যিয়েড', 'ুডডিন', '01923405632', 'Male', NULL, NULL, NULL, NULL, NULL, 1579151642, 1579151660, 1, NULL),
(30, NULL, '::1', 'test2@gmail.com', '', '$2y$08$0luDKbCwUoI/c.5aRj2.D.4sdw8sNCgEaDCALEGiqLEeapIVcjNti', 'সডফসডফসড', 'সসডফসডফসডফ', '01813291011', 'Male', NULL, NULL, NULL, NULL, NULL, 1579928195, 1579928195, 1, NULL),
(31, 20, '::1', 'dc_rampura', '', '$2y$08$TJh4ycggoqEJXOGZa2ZLGOrWCsUo2x3yvVk5OjAgMUfpWmOUk1VKq', 'Rampura', 'Daycare', '', NULL, NULL, NULL, NULL, NULL, NULL, 1579950146, 1580120085, 1, NULL),
(32, NULL, '202.133.91.102', 'kaoserdhaka1111@gmail.com', '', '$2y$08$QsIBCUErERF77prJ38C5MuqLAdYzia3A.CbJ0KsvwLzEfmV4yI04O', 'শেখ', 'কাওসার', '01845845486', 'Male', NULL, NULL, NULL, NULL, NULL, 1580182991, 1580182991, 1, NULL),
(33, NULL, '202.133.91.102', 'fgdf@gmail.com', '', '$2y$08$V9ppsmzFz.GiT0bSRas5veXnStxP3YBkgRtw3ncXssGn66GDCzqou', 'কাওসার', 'মাহমুদ ', '01845845486', 'Male', NULL, NULL, NULL, NULL, NULL, 1580185376, 1580185376, 1, NULL),
(34, NULL, '182.48.93.113', 'pollo@gmail.com', '', '$2y$08$O9l3aD/0Mbtv3VQe0n6s3u7uw2Bl8yHMIfpJ7mzs4u6iPH.0zs6Nq', 'polll', 'poo', '01744332280', 'Male', NULL, NULL, NULL, NULL, NULL, 1595329829, 1595329829, 1, NULL),
(35, NULL, '202.133.91.102', 'saima@gmail.com', '', '$2y$08$g3aamf/tYFD8tlKhvu1SzuYwRyoHswbQDdIYp38oYukJ057SsVyX2', 'Saima', 'Islam', '01813291011', 'Female', NULL, NULL, NULL, NULL, NULL, 1605585252, 1605585252, 1, NULL),
(36, NULL, '123.49.49.150', 'aminbhuiyan716@gmail.com', '', '$2y$08$PsnPd4e4O5p3rZQBcrmQIuU.l6DOkk5l5qu74awTR3aeut0rgy9rq', 'alamin', 'bhui', '01818211763', 'Male', NULL, NULL, NULL, NULL, NULL, 1605600986, 1605761092, 1, NULL),
(37, NULL, '202.133.91.102', 'omiakif@gmail.com', '', '$2y$08$WTmic0KfRF8FInyymBsMsOGmky2FrURuoWhriKxfVwivL98dS.JyG', 'অমি', 'আকিফ', '01798632354', 'Male', NULL, NULL, NULL, NULL, NULL, 1612702208, 1612762094, 1, NULL),
(38, NULL, '27.147.203.209', 'shamim@mysoftheaven.com', '', '$2y$08$MbVBSf9o0JiRkNwDKCwHdew6k8wyITaXzCBi/uVqy6tQ8P5W9NZmW', 'কামাল', 'হোসেন', '01711415154', 'Male', NULL, NULL, NULL, NULL, NULL, 1612760337, 1612760337, 1, NULL),
(39, NULL, '27.147.203.209', 'anjumanlipi.ht@gmail.com', '', '$2y$08$Nn7ditvTV6vf47qXe9EB4.ZgeJ/qLQtv6fjtqfjypTaHvPW72ARZK', 'amin', 'হোসেন', '01770442267', 'Female', NULL, NULL, NULL, NULL, NULL, 1613210605, 1613210605, 1, NULL),
(40, NULL, '116.58.201.197', 'shamim@gmail.com', '', '$2y$08$L3hWdA0aFvZDY8/73vxqle5JOvedHNhuU3PxK6I2BDhmNC9p3uG36', 'মোহাম্মদ', 'শামীম', '01813291011', 'Male', NULL, NULL, NULL, NULL, NULL, 1613314701, 1613320982, 1, NULL),
(41, NULL, '202.133.91.102', 'khalid@gmail.com', '', '$2y$08$1lpcFATNQsDfL18n2j6oSeYebpFdB8wHMlYH1fBfmVI3HSf7.Wa.y', 'খালিদ', 'হাসান', '01689322376', 'Male', NULL, NULL, NULL, NULL, NULL, 1613363845, 1613409593, 1, NULL),
(42, NULL, '202.133.91.102', 'shamim175@gmail.com', '', '$2y$08$l4fsk9eCqDb1zyXsTpUMX.tK/dmjzbnLPg0omsiu9PYMyGdN6brW6', 'Tawaf', 'Khan', '01714667499', 'Male', NULL, NULL, NULL, NULL, NULL, 1613368679, 1613371535, 1, NULL),
(43, NULL, '202.133.91.102', 'mahafuza@mysoftheaven.com', '', '$2y$08$bgoB7DEZezyGvAHT9UsadOhPPki0D0sAoJGmHqKEycCKlY29Kl9U.', 'মাহাফুজা', 'মায়া', '01685706434', 'Female', NULL, NULL, NULL, NULL, NULL, 1613368850, 1613372960, 1, NULL),
(44, NULL, '202.133.91.102', 'shamim.mysoftheaven@gmail.com', '', '$2y$08$HOlzwO5KIgHJqUdtneKWfOYL4HneJgK8wMZ5FcZmHURpuTtwlYVNO', 'Shuvo', 'Hasan', '01714667499', 'Male', NULL, NULL, NULL, NULL, NULL, 1613371598, 1613371598, 1, NULL),
(45, NULL, '202.133.91.102', 'accounts@mysoftheaven.com', '', '$2y$08$NdzD.iwaOJi/UNXC3eCEjupWApMxarLLoiLj55xovEyUOAkmgnXmW', 'Sultana', 'Mim', '01714667499', 'Female', NULL, NULL, NULL, NULL, NULL, 1613378073, 1613378073, 1, NULL),
(46, NULL, '123.49.49.150', 'mehedidwa@gmail.com', '', '$2y$08$5yO1Sodtfp4SZ45NhFDeAOuk0CQHWg31cketnUyarJZtBO9wMLwMK', 'মেহেদী', 'হাসান', '01713798089', 'Male', NULL, NULL, NULL, NULL, NULL, 1613457902, 1613459148, 1, NULL),
(47, NULL, '103.88.232.66', 'pollob9@gmail.com', '', '$2y$08$cKNE/sMj9rE4iBBiRiB5vuVS3ClUv6hfTY20nSlvD51Lnc9I.VwO2', 'AL AMIN', 'islam', '01711415154', 'Male', NULL, NULL, NULL, NULL, NULL, 1613470252, 1613470252, 1, NULL),
(48, NULL, '27.147.203.209', 'kmshamim@yahoo.com', '', '$2y$08$to5x4CFd8JMdZHoFOTh7zeuKyI/hFq4hlrlrhx2QIsCk1VLEW/9Me', 'লিপি', 'আক্তার', '01755958577', 'Male', NULL, NULL, NULL, NULL, NULL, 1613624755, 1613624755, 1, NULL);

-- --------------------------------------------------------

--
-- Table structure for table `users_daycares`
--

CREATE TABLE `users_daycares` (
  `id` int(11) NOT NULL,
  `user_id` int(11) NOT NULL,
  `daycare_id` int(11) NOT NULL,
  `member_id` int(11) DEFAULT NULL
) ENGINE=InnoDB DEFAULT CHARSET=utf8;

--
-- Dumping data for table `users_daycares`
--

INSERT INTO `users_daycares` (`id`, `user_id`, `daycare_id`, `member_id`) VALUES
(1, 27, 1, 1),
(2, 27, 1, 2),
(3, 27, 5, 5),
(4, 27, 2, 5),
(5, 33, 1, 7),
(6, 35, 1, 8),
(7, 36, 1, 9),
(8, 38, 1, 10),
(9, 27, 1, 11),
(10, 41, 1, 9),
(11, 42, 1, 10),
(12, 41, 1, 11),
(13, 41, 1, 12),
(14, 44, 1, 13),
(15, 43, 1, 17),
(16, 43, 1, 19),
(17, 45, 1, 27),
(18, 46, 1, 28),
(19, 48, 1, 48);

-- --------------------------------------------------------

--
-- Table structure for table `users_groups`
--

CREATE TABLE `users_groups` (
  `id` int(11) UNSIGNED NOT NULL,
  `user_id` int(11) UNSIGNED NOT NULL,
  `group_id` mediumint(8) UNSIGNED NOT NULL
) ENGINE=InnoDB DEFAULT CHARSET=utf8;

--
-- Dumping data for table `users_groups`
--

INSERT INTO `users_groups` (`id`, `user_id`, `group_id`) VALUES
(72, 1, 1),
(21, 4, 1),
(20, 7, 2),
(56, 8, 2),
(55, 9, 2),
(57, 10, 2),
(54, 11, 2),
(53, 12, 2),
(58, 13, 2),
(52, 14, 2),
(51, 15, 2),
(50, 16, 2),
(49, 17, 2),
(48, 18, 2),
(47, 19, 2),
(46, 20, 2),
(45, 21, 2),
(44, 22, 2),
(43, 23, 2),
(42, 24, 2),
(41, 25, 2),
(60, 27, 3),
(61, 28, 3),
(62, 29, 3),
(63, 30, 3),
(64, 31, 3),
(65, 32, 3),
(66, 33, 3),
(67, 34, 3),
(68, 35, 3),
(69, 36, 3),
(70, 37, 3),
(71, 38, 3),
(73, 39, 3),
(74, 40, 3),
(75, 41, 3),
(76, 42, 3),
(77, 43, 3),
(78, 44, 3),
(79, 45, 3),
(80, 46, 3),
(81, 47, 3),
(82, 48, 3);

--
-- Indexes for dumped tables
--

--
-- Indexes for table `contact`
--
ALTER TABLE `contact`
  ADD PRIMARY KEY (`id`);

--
-- Indexes for table `daycare_owner`
--
ALTER TABLE `daycare_owner`
  ADD PRIMARY KEY (`id`);

--
-- Indexes for table `day_cares`
--
ALTER TABLE `day_cares`
  ADD PRIMARY KEY (`id`);

--
-- Indexes for table `day_cares_others`
--
ALTER TABLE `day_cares_others`
  ADD PRIMARY KEY (`id`);

--
-- Indexes for table `day_care_type`
--
ALTER TABLE `day_care_type`
  ADD PRIMARY KEY (`id`);

--
-- Indexes for table `districts`
--
ALTER TABLE `districts`
  ADD PRIMARY KEY (`id`);

--
-- Indexes for table `divisions`
--
ALTER TABLE `divisions`
  ADD PRIMARY KEY (`id`);

--
-- Indexes for table `doctors`
--
ALTER TABLE `doctors`
  ADD PRIMARY KEY (`id`);

--
-- Indexes for table `gallery`
--
ALTER TABLE `gallery`
  ADD PRIMARY KEY (`id`);

--
-- Indexes for table `gallery_category`
--
ALTER TABLE `gallery_category`
  ADD PRIMARY KEY (`id`);

--
-- Indexes for table `groups`
--
ALTER TABLE `groups`
  ADD PRIMARY KEY (`id`);

--
-- Indexes for table `login_attempts`
--
ALTER TABLE `login_attempts`
  ADD PRIMARY KEY (`id`);

--
-- Indexes for table `setting`
--
ALTER TABLE `setting`
  ADD PRIMARY KEY (`id`);

--
-- Indexes for table `slider`
--
ALTER TABLE `slider`
  ADD PRIMARY KEY (`id`);

--
-- Indexes for table `upazilas`
--
ALTER TABLE `upazilas`
  ADD PRIMARY KEY (`id`);

--
-- Indexes for table `users`
--
ALTER TABLE `users`
  ADD PRIMARY KEY (`id`);

--
-- Indexes for table `users_daycares`
--
ALTER TABLE `users_daycares`
  ADD PRIMARY KEY (`id`);

--
-- Indexes for table `users_groups`
--
ALTER TABLE `users_groups`
  ADD PRIMARY KEY (`id`),
  ADD UNIQUE KEY `uc_users_groups` (`user_id`,`group_id`),
  ADD KEY `fk_users_groups_users1_idx` (`user_id`),
  ADD KEY `fk_users_groups_groups1_idx` (`group_id`);

--
-- AUTO_INCREMENT for dumped tables
--

--
-- AUTO_INCREMENT for table `contact`
--
ALTER TABLE `contact`
  MODIFY `id` int(11) NOT NULL AUTO_INCREMENT, AUTO_INCREMENT=6;
--
-- AUTO_INCREMENT for table `daycare_owner`
--
ALTER TABLE `daycare_owner`
  MODIFY `id` smallint(6) NOT NULL AUTO_INCREMENT, AUTO_INCREMENT=4;
--
-- AUTO_INCREMENT for table `day_cares`
--
ALTER TABLE `day_cares`
  MODIFY `id` int(11) NOT NULL AUTO_INCREMENT, AUTO_INCREMENT=21;
--
-- AUTO_INCREMENT for table `day_cares_others`
--
ALTER TABLE `day_cares_others`
  MODIFY `id` int(11) NOT NULL AUTO_INCREMENT, AUTO_INCREMENT=47;
--
-- AUTO_INCREMENT for table `day_care_type`
--
ALTER TABLE `day_care_type`
  MODIFY `id` tinyint(4) NOT NULL AUTO_INCREMENT, AUTO_INCREMENT=3;
--
-- AUTO_INCREMENT for table `districts`
--
ALTER TABLE `districts`
  MODIFY `id` int(2) NOT NULL AUTO_INCREMENT, AUTO_INCREMENT=65;
--
-- AUTO_INCREMENT for table `divisions`
--
ALTER TABLE `divisions`
  MODIFY `id` int(2) NOT NULL AUTO_INCREMENT, AUTO_INCREMENT=9;
--
-- AUTO_INCREMENT for table `doctors`
--
ALTER TABLE `doctors`
  MODIFY `id` int(11) NOT NULL AUTO_INCREMENT, AUTO_INCREMENT=11;
--
-- AUTO_INCREMENT for table `gallery`
--
ALTER TABLE `gallery`
  MODIFY `id` int(11) NOT NULL AUTO_INCREMENT, AUTO_INCREMENT=34;
--
-- AUTO_INCREMENT for table `gallery_category`
--
ALTER TABLE `gallery_category`
  MODIFY `id` smallint(6) NOT NULL AUTO_INCREMENT, AUTO_INCREMENT=28;
--
-- AUTO_INCREMENT for table `groups`
--
ALTER TABLE `groups`
  MODIFY `id` mediumint(8) UNSIGNED NOT NULL AUTO_INCREMENT, AUTO_INCREMENT=4;
--
-- AUTO_INCREMENT for table `login_attempts`
--
ALTER TABLE `login_attempts`
  MODIFY `id` int(11) UNSIGNED NOT NULL AUTO_INCREMENT;
--
-- AUTO_INCREMENT for table `setting`
--
ALTER TABLE `setting`
  MODIFY `id` int(11) NOT NULL AUTO_INCREMENT, AUTO_INCREMENT=2;
--
-- AUTO_INCREMENT for table `slider`
--
ALTER TABLE `slider`
  MODIFY `id` int(11) NOT NULL AUTO_INCREMENT, AUTO_INCREMENT=22;
--
-- AUTO_INCREMENT for table `upazilas`
--
ALTER TABLE `upazilas`
  MODIFY `id` int(11) NOT NULL AUTO_INCREMENT, AUTO_INCREMENT=521;
--
-- AUTO_INCREMENT for table `users`
--
ALTER TABLE `users`
  MODIFY `id` int(11) UNSIGNED NOT NULL AUTO_INCREMENT, AUTO_INCREMENT=49;
--
-- AUTO_INCREMENT for table `users_daycares`
--
ALTER TABLE `users_daycares`
  MODIFY `id` int(11) NOT NULL AUTO_INCREMENT, AUTO_INCREMENT=20;
--
-- AUTO_INCREMENT for table `users_groups`
--
ALTER TABLE `users_groups`
  MODIFY `id` int(11) UNSIGNED NOT NULL AUTO_INCREMENT, AUTO_INCREMENT=83;
--
-- Constraints for dumped tables
--

--
-- Constraints for table `users_groups`
--
ALTER TABLE `users_groups`
  ADD CONSTRAINT `fk_users_groups_groups1` FOREIGN KEY (`group_id`) REFERENCES `groups` (`id`) ON DELETE CASCADE ON UPDATE NO ACTION,
  ADD CONSTRAINT `fk_users_groups_users1` FOREIGN KEY (`user_id`) REFERENCES `users` (`id`) ON DELETE CASCADE ON UPDATE NO ACTION;
COMMIT;

/*!40101 SET CHARACTER_SET_CLIENT=@OLD_CHARACTER_SET_CLIENT */;
/*!40101 SET CHARACTER_SET_RESULTS=@OLD_CHARACTER_SET_RESULTS */;
/*!40101 SET COLLATION_CONNECTION=@OLD_COLLATION_CONNECTION */;
